{
"type": "FeatureCollection",
"name": "isolated_unmapped_buildings",
"crs": { "type": "name", "properties": { "name": "urn:ogc:def:crs:OGC:1.3:CRS84" } },
"features": [
{ "type": "Feature", "properties": { "height": -1.0, "confidence": -1.0, "dist_to_osm_m": 140.72742965068917, "area_m2": 70.969296247813091, "rectangularity": 0.99693461917808746 }, "geometry": { "type": "Polygon", "coordinates": [ [ [ 19.345200221167921, 41.861865300819268 ], [ 19.345287018016869, 41.861915660209952 ], [ 19.345344751194467, 41.86186046816276 ], [ 19.345257957290567, 41.861810105913193 ], [ 19.345200221167921, 41.861865300819268 ] ] ] } },
{ "type": "Feature", "properties": { "height": -1.0, "confidence": -1.0, "dist_to_osm_m": 133.0987924008173, "area_m2": 74.574645519997645, "rectangularity": 0.99667558139203061 }, "geometry": { "type": "Polygon", "coordinates": [ [ [ 19.345065293859712, 41.861916613296664 ], [ 19.34513863671922, 41.86197738620173 ], [ 19.345212261938659, 41.861928102744017 ], [ 19.345138922238387, 41.861867327677395 ], [ 19.345065293859712, 41.861916613296664 ] ] ] } },
{ "type": "Feature", "properties": { "height": -1.0, "confidence": -1.0, "dist_to_osm_m": 118.69592222687623, "area_m2": 53.399029689401281, "rectangularity": 0.99802422255074785 }, "geometry": { "type": "Polygon", "coordinates": [ [ [ 19.345497592959632, 41.862019785485685 ], [ 19.345573898887167, 41.862039863418694 ], [ 19.345605912876707, 41.86197237878806 ], [ 19.345529606949171, 41.861952300833856 ], [ 19.345497592959632, 41.862019785485685 ] ] ] } },
{ "type": "Feature", "properties": { "height": -1.0, "confidence": -1.0, "dist_to_osm_m": 117.18358332490214, "area_m2": 65.749386666823312, "rectangularity": 0.99709159566352523 }, "geometry": { "type": "Polygon", "coordinates": [ [ [ 19.345393865198051, 41.862000737076912 ], [ 19.345335627004904, 41.862048217559561 ], [ 19.345417505489255, 41.862103921757374 ], [ 19.345475746536081, 41.862056438989512 ], [ 19.345393865198051, 41.862000737076912 ] ] ] } },
{ "type": "Feature", "properties": { "height": -1.0, "confidence": -1.0, "dist_to_osm_m": 107.90035931905845, "area_m2": 71.512834647361487, "rectangularity": 0.9963081172059034 }, "geometry": { "type": "Polygon", "coordinates": [ [ [ 19.344821187213896, 41.862074691882697 ], [ 19.344897329021475, 41.862125302587891 ], [ 19.344965285371543, 41.862068595734833 ], [ 19.344889143564004, 41.86201798498476 ], [ 19.344821187213896, 41.862074691882697 ] ] ] } },
{ "type": "Feature", "properties": { "height": -1.0, "confidence": -1.0, "dist_to_osm_m": 117.0885790281057, "area_m2": 71.137061110840492, "rectangularity": 0.99678845371323577 }, "geometry": { "type": "Polygon", "coordinates": [ [ [ 19.345266850832065, 41.862054105110545 ], [ 19.345203687060973, 41.862106779716378 ], [ 19.345285182038619, 41.86216098257497 ], [ 19.345348345729615, 41.862108312208356 ], [ 19.345266850832065, 41.862054105110545 ] ] ] } },
{ "type": "Feature", "properties": { "height": -1.0, "confidence": -1.0, "dist_to_osm_m": 106.93007193420135, "area_m2": 99.114403877858024, "rectangularity": 0.99934223613226536 }, "geometry": { "type": "Polygon", "coordinates": [ [ [ 19.338846769352266, 41.865462668924451 ], [ 19.338835433512518, 41.865371567122516 ], [ 19.338718421082213, 41.865379642050122 ], [ 19.338729756922, 41.865470743840568 ], [ 19.338846769352266, 41.865462668924451 ] ] ] } },
{ "type": "Feature", "properties": { "height": -1.0, "confidence": -1.0, "dist_to_osm_m": 103.16844331169337, "area_m2": 35.797061269443581, "rectangularity": 0.99827069548837666 }, "geometry": { "type": "Polygon", "coordinates": [ [ [ 19.33699201141367, 41.869136494378232 ], [ 19.3369240717489, 41.869123502729792 ], [ 19.336905580070027, 41.869177127386401 ], [ 19.336973520880324, 41.869190115702025 ], [ 19.33699201141367, 41.869136494378232 ] ] ] } },
{ "type": "Feature", "properties": { "height": -1.0, "confidence": -1.0, "dist_to_osm_m": 106.13834756680072, "area_m2": 27.268251260829508, "rectangularity": 0.99873663725098294 }, "geometry": { "type": "Polygon", "coordinates": [ [ [ 19.324961459799994, 41.87897077427305 ], [ 19.324919132337179, 41.878982592469029 ], [ 19.324949996112153, 41.879043871968776 ], [ 19.324992323574968, 41.879032053784094 ], [ 19.324961459799994, 41.87897077427305 ] ] ] } },
{ "type": "Feature", "properties": { "height": -1.0, "confidence": -1.0, "dist_to_osm_m": 202.13548134321962, "area_m2": 46.870717008288324, "rectangularity": 0.99816052672781208 }, "geometry": { "type": "Polygon", "coordinates": [ [ [ 19.330641083984396, 41.887810515556893 ], [ 19.330732052705592, 41.88786337357417 ], [ 19.330768479495934, 41.887828629800708 ], [ 19.330677508744802, 41.887775770575189 ], [ 19.330641083984396, 41.887810515556893 ] ] ] } },
{ "type": "Feature", "properties": { "height": -1.0, "confidence": -1.0, "dist_to_osm_m": 174.80192849654685, "area_m2": 40.845882820846754, "rectangularity": 0.99837688153714677 }, "geometry": { "type": "Polygon", "coordinates": [ [ [ 19.32046750190554, 41.880598433169226 ], [ 19.320393527606893, 41.880610930263487 ], [ 19.320410896799057, 41.880667906071956 ], [ 19.320484871097747, 41.880655408988858 ], [ 19.32046750190554, 41.880598433169226 ] ] ] } },
{ "type": "Feature", "properties": { "height": -1.0, "confidence": -1.0, "dist_to_osm_m": 155.41398818959851, "area_m2": 31.356860032305427, "rectangularity": 0.99750802679440576 }, "geometry": { "type": "Polygon", "coordinates": [ [ [ 19.320115638386216, 41.881123800957795 ], [ 19.320051389540573, 41.881161712959084 ], [ 19.320086010849952, 41.881194236497791 ], [ 19.320150261884564, 41.88115632657216 ], [ 19.320115638386216, 41.881123800957795 ] ] ] } },
{ "type": "Feature", "properties": { "height": -1.0, "confidence": -1.0, "dist_to_osm_m": 191.84325598313333, "area_m2": 32.299788784076632, "rectangularity": 0.99763314865147645 }, "geometry": { "type": "Polygon", "coordinates": [ [ [ 19.313494766663943, 41.894483598135572 ], [ 19.313562293404303, 41.894460766270541 ], [ 19.313536034547973, 41.894417733914686 ], [ 19.31346851116173, 41.894440564661018 ], [ 19.313494766663943, 41.894483598135572 ] ] ] } },
{ "type": "Feature", "properties": { "height": -1.0, "confidence": -1.0, "dist_to_osm_m": 100.34759100652676, "area_m2": 35.01536541336931, "rectangularity": 0.89082057370717493 }, "geometry": { "type": "Polygon", "coordinates": [ [ [ 19.292093768601212, 41.894516459171527 ], [ 19.292046773653237, 41.894539314423945 ], [ 19.292062739700043, 41.894557504995532 ], [ 19.292045120323365, 41.894566073897188 ], [ 19.292069681628075, 41.894594060274954 ], [ 19.292134297796892, 41.894562635244256 ], [ 19.292093768601212, 41.894516459171527 ] ] ] } },
{ "type": "Feature", "properties": { "height": -1.0, "confidence": -1.0, "dist_to_osm_m": 101.88000194715197, "area_m2": 41.395177720271079, "rectangularity": 0.99982791979476182 }, "geometry": { "type": "Polygon", "coordinates": [ [ [ 19.300700581692677, 41.900593528213797 ], [ 19.300702402019489, 41.900540491226955 ], [ 19.3006177466666, 41.900538881593704 ], [ 19.300615921507536, 41.900591914079804 ], [ 19.300700581692677, 41.900593528213797 ] ] ] } },
{ "type": "Feature", "properties": { "height": -1.0, "confidence": -1.0, "dist_to_osm_m": 142.28946363216227, "area_m2": 496.11435541649945, "rectangularity": 0.96054674722180944 }, "geometry": { "type": "Polygon", "coordinates": [ [ [ 19.228909457682516, 41.920207986864007 ], [ 19.229230637444658, 41.920219026071635 ], [ 19.229230212264085, 41.920225874928818 ], [ 19.2293078304562, 41.920228546770275 ], [ 19.22931653939381, 41.920088262074586 ], [ 19.228917741189111, 41.920074555030084 ], [ 19.228909457682516, 41.920207986864007 ] ] ] } },
{ "type": "Feature", "properties": { "height": -1.0, "confidence": -1.0, "dist_to_osm_m": 153.33215157827004, "area_m2": 479.04710815263508, "rectangularity": 0.99980812192776336 }, "geometry": { "type": "Polygon", "coordinates": [ [ [ 19.229288455487094, 41.920386470545949 ], [ 19.229298851056214, 41.920257208777059 ], [ 19.228897955262333, 41.920239358573617 ], [ 19.228887559693209, 41.920368620378639 ], [ 19.229288455487094, 41.920386470545949 ] ] ] } },
{ "type": "Feature", "properties": { "height": -1.0, "confidence": -1.0, "dist_to_osm_m": 191.84735813261489, "area_m2": 86.463820958707146, "rectangularity": 0.99997649279543865 }, "geometry": { "type": "Polygon", "coordinates": [ [ [ 19.269714599192994, 41.916614232696496 ], [ 19.269715460771405, 41.916682086465585 ], [ 19.269853783354073, 41.916681106745926 ], [ 19.269852915394168, 41.916613253020977 ], [ 19.269714599192994, 41.916614232696496 ] ] ] } },
{ "type": "Feature", "properties": { "height": -1.0, "confidence": -1.0, "dist_to_osm_m": 232.07265482585734, "area_m2": 61.485841598009998, "rectangularity": 0.99768918787242289 }, "geometry": { "type": "Polygon", "coordinates": [ [ [ 19.272252391611808, 41.916660201670808 ], [ 19.272303174214848, 41.916701285055282 ], [ 19.272391182779685, 41.916641044447189 ], [ 19.272340398083557, 41.91659996245663 ], [ 19.272252391611808, 41.916660201670808 ] ] ] } },
{ "type": "Feature", "properties": { "height": -1.0, "confidence": -1.0, "dist_to_osm_m": 168.70247964181644, "area_m2": 26.27708934871691, "rectangularity": 0.99977806230041955 }, "geometry": { "type": "Polygon", "coordinates": [ [ [ 19.270765715929365, 41.916925290557636 ], [ 19.270676386147912, 41.916921438482085 ], [ 19.270673907496509, 41.916953265510287 ], [ 19.270763234294467, 41.916957117455226 ], [ 19.270765715929365, 41.916925290557636 ] ] ] } },
{ "type": "Feature", "properties": { "height": -1.0, "confidence": -1.0, "dist_to_osm_m": 717.16495445149985, "area_m2": 21.028632631877255, "rectangularity": 0.9990560276620567 }, "geometry": { "type": "Polygon", "coordinates": [ [ [ 19.260766619255556, 41.921740819478465 ], [ 19.260775795079933, 41.921710420866049 ], [ 19.260704298566147, 41.921698476726455 ], [ 19.260695122741765, 41.92172887534457 ], [ 19.260766619255556, 41.921740819478465 ] ] ] } },
{ "type": "Feature", "properties": { "height": -1.0, "confidence": -1.0, "dist_to_osm_m": 725.20878909823205, "area_m2": 62.678097804313992, "rectangularity": 0.99780148227125243 }, "geometry": { "type": "Polygon", "coordinates": [ [ [ 19.260758108021836, 41.92179331100153 ], [ 19.260668380158098, 41.92177157387421 ], [ 19.26063836982528, 41.9218401409452 ], [ 19.260728097689018, 41.921861878049164 ], [ 19.260758108021836, 41.92179331100153 ] ] ] } },
{ "type": "Feature", "properties": { "height": -1.0, "confidence": -1.0, "dist_to_osm_m": 718.80862531871946, "area_m2": 27.416148684042106, "rectangularity": 0.99917457636147045 }, "geometry": { "type": "Polygon", "coordinates": [ [ [ 19.274106187070711, 41.932168088931093 ], [ 19.274115283471659, 41.932134457979309 ], [ 19.274030214882647, 41.932121723776412 ], [ 19.274021117330292, 41.932155358991892 ], [ 19.274106187070711, 41.932168088931093 ] ] ] } },
{ "type": "Feature", "properties": { "height": -1.0, "confidence": -1.0, "dist_to_osm_m": 333.19723344614363, "area_m2": 25.84011138384616, "rectangularity": 0.99906316720606014 }, "geometry": { "type": "Polygon", "coordinates": [ [ [ 19.281762805338069, 41.937728506379059 ], [ 19.28181769451971, 41.937735113330525 ], [ 19.281828531160574, 41.937685296463542 ], [ 19.281773642584731, 41.937678686722215 ], [ 19.281762805338069, 41.937728506379059 ] ] ] } },
{ "type": "Feature", "properties": { "height": -1.0, "confidence": -1.0, "dist_to_osm_m": 879.70563673578317, "area_m2": 31.20679225459148, "rectangularity": 0.998586603337415 }, "geometry": { "type": "Polygon", "coordinates": [ [ [ 19.268879604213595, 41.926385304447862 ], [ 19.268824833693557, 41.926396638324292 ], [ 19.268846304658801, 41.926454058012588 ], [ 19.268901075178842, 41.926442724146391 ], [ 19.268879604213595, 41.926385304447862 ] ] ] } },
{ "type": "Feature", "properties": { "height": -1.0, "confidence": -1.0, "dist_to_osm_m": 586.02336417678259, "area_m2": 126.58926207973839, "rectangularity": 0.99637406881906088 }, "geometry": { "type": "Polygon", "coordinates": [ [ [ 19.270468118561816, 41.934190318363314 ], [ 19.27057308069568, 41.934126362447856 ], [ 19.270486791145576, 41.934047984779063 ], [ 19.270381820997123, 41.934111940191244 ], [ 19.270468118561816, 41.934190318363314 ] ] ] } },
{ "type": "Feature", "properties": { "height": -1.0, "confidence": -1.0, "dist_to_osm_m": 476.68072543305686, "area_m2": 37.51531498756006, "rectangularity": 0.99740042872371393 }, "geometry": { "type": "Polygon", "coordinates": [ [ [ 19.269749219739225, 41.934983790577796 ], [ 19.269702818249574, 41.935014508612433 ], [ 19.269761427724248, 41.93506350219684 ], [ 19.269807829213899, 41.9350327841858 ], [ 19.269749219739225, 41.934983790577796 ] ] ] } },
{ "type": "Feature", "properties": { "height": -1.0, "confidence": -1.0, "dist_to_osm_m": 239.72926371330504, "area_m2": 208.23013682420137, "rectangularity": 0.92358683880290238 }, "geometry": { "type": "Polygon", "coordinates": [ [ [ 19.284292062389987, 41.932006026808985 ], [ 19.284459816058984, 41.93204101716583 ], [ 19.284510724634739, 41.93190597163148 ], [ 19.284387720270445, 41.931880315111272 ], [ 19.284373466004556, 41.931918136984898 ], [ 19.284328705735227, 41.931908798462118 ], [ 19.284292062389987, 41.932006026808985 ] ] ] } },
{ "type": "Feature", "properties": { "height": -1.0, "confidence": -1.0, "dist_to_osm_m": 206.93368272789232, "area_m2": 79.45542441527698, "rectangularity": 0.99787026623990027 }, "geometry": { "type": "Polygon", "coordinates": [ [ [ 19.290325194597244, 41.941439964454013 ], [ 19.290267527103424, 41.941482859155357 ], [ 19.290368109941483, 41.94155767542582 ], [ 19.290425777435303, 41.941514780774838 ], [ 19.290325194597244, 41.941439964454013 ] ] ] } },
{ "type": "Feature", "properties": { "height": -1.0, "confidence": -1.0, "dist_to_osm_m": 178.12989356061496, "area_m2": 22.379348273819819, "rectangularity": 0.99987066122265533 }, "geometry": { "type": "Polygon", "coordinates": [ [ [ 19.288650999023989, 41.942910096454234 ], [ 19.2887250899776, 41.942908954764341 ], [ 19.28872417674895, 41.942876166224089 ], [ 19.288650088772236, 41.942877304011795 ], [ 19.288650999023989, 41.942910096454234 ] ] ] } },
{ "type": "Feature", "properties": { "height": -1.0, "confidence": -1.0, "dist_to_osm_m": 168.56045785752926, "area_m2": 66.03808032641804, "rectangularity": 0.99905475048033299 }, "geometry": { "type": "Polygon", "coordinates": [ [ [ 19.288836596874557, 41.943084928472771 ], [ 19.288955436304413, 41.94297351593783 ], [ 19.288915932218849, 41.942950201171406 ], [ 19.288797092789032, 41.943061613747076 ], [ 19.288836596874557, 41.943084928472771 ] ] ] } },
{ "type": "Feature", "properties": { "height": -1.0, "confidence": -1.0, "dist_to_osm_m": 250.32047052826246, "area_m2": 25.861661439934984, "rectangularity": 0.99865785767355197 }, "geometry": { "type": "Polygon", "coordinates": [ [ [ 19.38626130894275, 41.882262441708335 ], [ 19.386343970526685, 41.882227922797128 ], [ 19.386324513891861, 41.882202099522324 ], [ 19.386241854154527, 41.88223661767632 ], [ 19.38626130894275, 41.882262441708335 ] ] ] } },
{ "type": "Feature", "properties": { "height": -1.0, "confidence": -1.0, "dist_to_osm_m": 255.70108883971989, "area_m2": 31.452279552086811, "rectangularity": 0.99951419164945943 }, "geometry": { "type": "Polygon", "coordinates": [ [ [ 19.385570002875276, 41.88281069258008 ], [ 19.385459715545966, 41.882822714876831 ], [ 19.385465676835668, 41.88285301287133 ], [ 19.385575963058024, 41.882840984954221 ], [ 19.385570002875276, 41.88281069258008 ] ] ] } },
{ "type": "Feature", "properties": { "height": -1.0, "confidence": -1.0, "dist_to_osm_m": 275.74454028630083, "area_m2": 37.518232742938977, "rectangularity": 0.99766200638733682 }, "geometry": { "type": "Polygon", "coordinates": [ [ [ 19.385043854538022, 41.882989235066674 ], [ 19.384974726624982, 41.883007447141239 ], [ 19.384999601933757, 41.8830597834353 ], [ 19.385068731368374, 41.883041574576936 ], [ 19.385043854538022, 41.882989235066674 ] ] ] } },
{ "type": "Feature", "properties": { "height": -1.0, "confidence": -1.0, "dist_to_osm_m": 137.62944534438651, "area_m2": 93.021061836743741, "rectangularity": 0.99985066349615859 }, "geometry": { "type": "Polygon", "coordinates": [ [ [ 19.313514331282548, 41.944844729840909 ], [ 19.313677688778359, 41.944849551540997 ], [ 19.313680983225513, 41.944787803863207 ], [ 19.313517625729702, 41.944782982158465 ], [ 19.313514331282548, 41.944844729840909 ] ] ] } },
{ "type": "Feature", "properties": { "height": -1.0, "confidence": -1.0, "dist_to_osm_m": 133.71031975273814, "area_m2": 86.050984948408015, "rectangularity": 0.99980958833239897 }, "geometry": { "type": "Polygon", "coordinates": [ [ [ 19.313522956304524, 41.944854176196799 ], [ 19.313525534646384, 41.944913229367785 ], [ 19.313683618620175, 41.944909419179254 ], [ 19.313681039919402, 41.944850357784027 ], [ 19.313522956304524, 41.944854176196799 ] ] ] } },
{ "type": "Feature", "properties": { "height": -1.0, "confidence": -1.0, "dist_to_osm_m": 149.00003643956887, "area_m2": 119.32157975725315, "rectangularity": 0.99973656098264718 }, "geometry": { "type": "Polygon", "coordinates": [ [ [ 19.313414384062447, 41.944975776022261 ], [ 19.313418607141216, 41.944882857468421 ], [ 19.313279291146234, 41.944879361835213 ], [ 19.313275068396724, 41.944972273150107 ], [ 19.313414384062447, 41.944975776022261 ] ] ] } },
{ "type": "Feature", "properties": { "height": -1.0, "confidence": -1.0, "dist_to_osm_m": 362.54702901196254, "area_m2": 98.647329787131113, "rectangularity": 0.99917745604414954 }, "geometry": { "type": "Polygon", "coordinates": [ [ [ 19.322661711531893, 41.90644808155308 ], [ 19.322682218153094, 41.906505937780913 ], [ 19.322855250305778, 41.906471968048464 ], [ 19.322834743684538, 41.906414111789836 ], [ 19.322661711531893, 41.90644808155308 ] ] ] } },
{ "type": "Feature", "properties": { "height": -1.0, "confidence": -1.0, "dist_to_osm_m": 699.68338476460792, "area_m2": 21.665231310343831, "rectangularity": 0.99941219236485757 }, "geometry": { "type": "Polygon", "coordinates": [ [ [ 19.330776126640853, 41.907019118862969 ], [ 19.330782075006411, 41.906987805851045 ], [ 19.330708444841605, 41.906980058683409 ], [ 19.330702496476007, 41.907011371699134 ], [ 19.330776126640853, 41.907019118862969 ] ] ] } },
{ "type": "Feature", "properties": { "height": -1.0, "confidence": -1.0, "dist_to_osm_m": 339.36453621050748, "area_m2": 70.175621455773481, "rectangularity": 0.99979695559372384 }, "geometry": { "type": "Polygon", "coordinates": [ [ [ 19.332225280104161, 41.950798268150827 ], [ 19.332228691829982, 41.950721459030383 ], [ 19.332129558280094, 41.950719023459826 ], [ 19.332126146783249, 41.950795827428742 ], [ 19.332225280104161, 41.950798268150827 ] ] ] } },
{ "type": "Feature", "properties": { "height": -1.0, "confidence": -1.0, "dist_to_osm_m": 336.46881356889099, "area_m2": 55.552850465601182, "rectangularity": 0.99974862325063441 }, "geometry": { "type": "Polygon", "coordinates": [ [ [ 19.338642206067913, 41.976684389101578 ], [ 19.338719830465941, 41.976687006285964 ], [ 19.338724564903785, 41.976609399870931 ], [ 19.338646940505715, 41.976606782683348 ], [ 19.338642206067913, 41.976684389101578 ] ] ] } },
{ "type": "Feature", "properties": { "height": -1.0, "confidence": -1.0, "dist_to_osm_m": 240.18887397674578, "area_m2": 26.139533810888366, "rectangularity": 0.99818949546534785 }, "geometry": { "type": "Polygon", "coordinates": [ [ [ 19.365277269194088, 41.983888946233847 ], [ 19.365300216464014, 41.983919206596042 ], [ 19.365371457280659, 41.983889356044983 ], [ 19.365348510010698, 41.983859095668649 ], [ 19.365277269194088, 41.983888946233847 ] ] ] } },
{ "type": "Feature", "properties": { "height": -1.0, "confidence": -1.0, "dist_to_osm_m": 271.87014662572483, "area_m2": 25.077079602808926, "rectangularity": 0.99846035974042702 }, "geometry": { "type": "Polygon", "coordinates": [ [ [ 19.378092833462528, 41.983283269371334 ], [ 19.378134252090934, 41.983296702542212 ], [ 19.37816669510449, 41.983241429490448 ], [ 19.378125272104022, 41.983227994889923 ], [ 19.378092833462528, 41.983283269371334 ] ] ] } },
{ "type": "Feature", "properties": { "height": -1.0, "confidence": -1.0, "dist_to_osm_m": 117.30371354379186, "area_m2": 33.812827340682119, "rectangularity": 0.99725072198006226 }, "geometry": { "type": "Polygon", "coordinates": [ [ [ 19.295971062931411, 41.947238610018864 ], [ 19.296035745172055, 41.947216960019944 ], [ 19.296007172502105, 41.947169745314625 ], [ 19.295942491955827, 41.947191398129419 ], [ 19.295971062931411, 41.947238610018864 ] ] ] } },
{ "type": "Feature", "properties": { "height": -1.0, "confidence": -1.0, "dist_to_osm_m": 127.89247387737694, "area_m2": 21.377002621197235, "rectangularity": 0.99948341608097924 }, "geometry": { "type": "Polygon", "coordinates": [ [ [ 19.296180030452383, 41.947309201481829 ], [ 19.296174864409465, 41.947354760566185 ], [ 19.296225466466211, 41.947357934633899 ], [ 19.296230632509122, 41.94731237555186 ], [ 19.296180030452383, 41.947309201481829 ] ] ] } },
{ "type": "Feature", "properties": { "height": -1.0, "confidence": -1.0, "dist_to_osm_m": 101.69660744434036, "area_m2": 91.835973797083312, "rectangularity": 0.99893597720097993 }, "geometry": { "type": "Polygon", "coordinates": [ [ [ 19.335016432982904, 41.985986834219624 ], [ 19.335082617468757, 41.986110868884886 ], [ 19.335152146021031, 41.986090370801527 ], [ 19.335085961535178, 41.985966336096311 ], [ 19.335016432982904, 41.985986834219624 ] ] ] } },
{ "type": "Feature", "properties": { "height": -1.0, "confidence": -1.0, "dist_to_osm_m": 107.0744116496124, "area_m2": 96.259749591306473, "rectangularity": 0.87919392576424582 }, "geometry": { "type": "Polygon", "coordinates": [ [ [ 19.334886293002512, 41.986030544423272 ], [ 19.334918798422667, 41.986089687798582 ], [ 19.334898111098294, 41.986095969697239 ], [ 19.334940726847982, 41.986173508652669 ], [ 19.3350152737918, 41.986150867925566 ], [ 19.334940142100294, 41.986014189823834 ], [ 19.334886293002512, 41.986030544423272 ] ] ] } },
{ "type": "Feature", "properties": { "height": -1.0, "confidence": -1.0, "dist_to_osm_m": 114.56432103141161, "area_m2": 63.806600378554478, "rectangularity": 0.99926044014176263 }, "geometry": { "type": "Polygon", "coordinates": [ [ [ 19.334834263676424, 41.986214189428736 ], [ 19.334876680283649, 41.986197968396517 ], [ 19.334787206713738, 41.986068701340301 ], [ 19.334744790106512, 41.98608492240546 ], [ 19.334834263676424, 41.986214189428736 ] ] ] } },
{ "type": "Feature", "properties": { "height": -1.0, "confidence": -1.0, "dist_to_osm_m": 123.0260197056333, "area_m2": 64.241658103645719, "rectangularity": 0.99918438200593762 }, "geometry": { "type": "Polygon", "coordinates": [ [ [ 19.334635603352073, 41.986121811171721 ], [ 19.334594404733515, 41.98614036770666 ], [ 19.334695452897034, 41.986264318664908 ], [ 19.33473665151563, 41.986245762166106 ], [ 19.334635603352073, 41.986121811171721 ] ] ] } },
{ "type": "Feature", "properties": { "height": -1.0, "confidence": -1.0, "dist_to_osm_m": 129.30818878799181, "area_m2": 106.48967038358273, "rectangularity": 0.99931043426281918 }, "geometry": { "type": "Polygon", "coordinates": [ [ [ 19.334528008130299, 41.98633840497282 ], [ 19.334590029671645, 41.986323817759121 ], [ 19.334517801355275, 41.986154182655397 ], [ 19.334455795581121, 41.986168769425319 ], [ 19.334528008130299, 41.98633840497282 ] ] ] } },
{ "type": "Feature", "properties": { "height": -1.0, "confidence": -1.0, "dist_to_osm_m": 133.04343293471175, "area_m2": 48.112104360389473, "rectangularity": 0.71591303323059419 }, "geometry": { "type": "Polygon", "coordinates": [ [ [ 19.334379243703882, 41.986392961133873 ], [ 19.334447030681993, 41.986373611348078 ], [ 19.334398557050765, 41.98627978846136 ], [ 19.33435881985671, 41.986291131456667 ], [ 19.334392033270689, 41.986355417512137 ], [ 19.334363983486632, 41.986363424323066 ], [ 19.334379243703882, 41.986392961133873 ] ] ] } },
{ "type": "Feature", "properties": { "height": -1.0, "confidence": -1.0, "dist_to_osm_m": 107.34615339622113, "area_m2": 99.022922803723276, "rectangularity": 0.99957791823563891 }, "geometry": { "type": "Polygon", "coordinates": [ [ [ 19.333786009608396, 41.98653958463192 ], [ 19.333806958891223, 41.986569305123027 ], [ 19.334091058703621, 41.986458649671093 ], [ 19.334070109420793, 41.986428929128351 ], [ 19.333786009608396, 41.98653958463192 ] ] ] } },
{ "type": "Feature", "properties": { "height": -1.0, "confidence": -1.0, "dist_to_osm_m": 450.8362723146455, "area_m2": 57.254694289659007, "rectangularity": 0.99921768155984703 }, "geometry": { "type": "Polygon", "coordinates": [ [ [ 19.347181309124121, 41.991698722481757 ], [ 19.347199282127249, 41.991735768899225 ], [ 19.34734793003495, 41.991695923563512 ], [ 19.347329953944815, 41.991658877950321 ], [ 19.347181309124121, 41.991698722481757 ] ] ] } },
{ "type": "Feature", "properties": { "height": -1.0, "confidence": -1.0, "dist_to_osm_m": 656.49021340256911, "area_m2": 57.370878555815935, "rectangularity": 0.998633481317732 }, "geometry": { "type": "Polygon", "coordinates": [ [ [ 19.336784096949543, 41.991711503981286 ], [ 19.336726577124441, 41.991731206958093 ], [ 19.336782021483184, 41.991820620357345 ], [ 19.336839542838625, 41.991800919876191 ], [ 19.336784096949543, 41.991711503981286 ] ] ] } },
{ "type": "Feature", "properties": { "height": -1.0, "confidence": -1.0, "dist_to_osm_m": 499.79926623571356, "area_m2": 49.749859475674853, "rectangularity": 0.9985798183626251 }, "geometry": { "type": "Polygon", "coordinates": [ [ [ 19.331800754805528, 41.993027293653114 ], [ 19.331831664270954, 41.993101960194942 ], [ 19.331897822696131, 41.993086835271683 ], [ 19.331866913230744, 41.99301216871212 ], [ 19.331800754805528, 41.993027293653114 ] ] ] } },
{ "type": "Feature", "properties": { "height": -1.0, "confidence": -1.0, "dist_to_osm_m": 575.97178704129544, "area_m2": 22.916937176611398, "rectangularity": 0.99946887304222232 }, "geometry": { "type": "Polygon", "coordinates": [ [ [ 19.240001781324153, 41.956787240582408 ], [ 19.239997024862411, 41.956826816644103 ], [ 19.240059423751145, 41.956830967179712 ], [ 19.240064183908014, 41.956791391366373 ], [ 19.240001781324153, 41.956787240582408 ] ] ] } },
{ "type": "Feature", "properties": { "height": -1.0, "confidence": -1.0, "dist_to_osm_m": 1139.061969415787, "area_m2": 52.602562101262279, "rectangularity": 0.99870073748587385 }, "geometry": { "type": "Polygon", "coordinates": [ [ [ 19.24444707035207, 41.963635109415357 ], [ 19.244526660723725, 41.963622596418155 ], [ 19.244507118201124, 41.963553870089079 ], [ 19.24442752782943, 41.963566383099753 ], [ 19.24444707035207, 41.963635109415357 ] ] ] } },
{ "type": "Feature", "properties": { "height": -1.0, "confidence": -1.0, "dist_to_osm_m": 1148.8474792523248, "area_m2": 21.857608891691555, "rectangularity": 0.99894160260194875 }, "geometry": { "type": "Polygon", "coordinates": [ [ [ 19.244553304029807, 41.963672398499462 ], [ 19.244604082763264, 41.963665836919908 ], [ 19.24459347413185, 41.963620445317368 ], [ 19.244542698946475, 41.963627003800703 ], [ 19.244553304029807, 41.963672398499462 ] ] ] } },
{ "type": "Feature", "properties": { "height": -1.0, "confidence": -1.0, "dist_to_osm_m": 1007.7085089487379, "area_m2": 22.034550896378342, "rectangularity": 0.99864544696414137 }, "geometry": { "type": "Polygon", "coordinates": [ [ [ 19.242673219438476, 41.964764792726513 ], [ 19.242691652821815, 41.964788913301732 ], [ 19.242766669131541, 41.964757213684692 ], [ 19.242748235748198, 41.964733093097486 ], [ 19.242673219438476, 41.964764792726513 ] ] ] } },
{ "type": "Feature", "properties": { "height": -1.0, "confidence": -1.0, "dist_to_osm_m": 1140.3796203046145, "area_m2": 21.571014835842849, "rectangularity": 0.99986824891469062 }, "geometry": { "type": "Polygon", "coordinates": [ [ [ 19.255920681213471, 41.973267948318096 ], [ 19.255950064481809, 41.973266546299357 ], [ 19.255943206989954, 41.973187109176578 ], [ 19.255913823721578, 41.973188511197051 ], [ 19.255920681213471, 41.973267948318096 ] ] ] } },
{ "type": "Feature", "properties": { "height": -1.0, "confidence": -1.0, "dist_to_osm_m": 482.92919950268941, "area_m2": 50.345249783208153, "rectangularity": 0.99938707902458523 }, "geometry": { "type": "Polygon", "coordinates": [ [ [ 19.284940654240813, 41.976892516532622 ], [ 19.284835134899829, 41.976902673485192 ], [ 19.284844015569469, 41.976953662460616 ], [ 19.284949534910453, 41.976943505516161 ], [ 19.284940654240813, 41.976892516532622 ] ] ] } },
{ "type": "Feature", "properties": { "height": -1.0, "confidence": -1.0, "dist_to_osm_m": 382.72586455568654, "area_m2": 21.803070656188517, "rectangularity": 0.99961183562261757 }, "geometry": { "type": "Polygon", "coordinates": [ [ [ 19.278048826559989, 41.961051378855878 ], [ 19.278103887360789, 41.961053599668311 ], [ 19.278107015965922, 41.961010709305548 ], [ 19.278051950931836, 41.961008491186696 ], [ 19.278048826559989, 41.961051378855878 ] ] ] } },
{ "type": "Feature", "properties": { "height": -1.0, "confidence": -1.0, "dist_to_osm_m": 132.81365236790515, "area_m2": 31.713589874973373, "rectangularity": 0.99853293632717766 }, "geometry": { "type": "Polygon", "coordinates": [ [ [ 19.267904818596371, 41.965666843405096 ], [ 19.26798550314701, 41.965611616387548 ], [ 19.267956887526459, 41.965588503304268 ], [ 19.267876201339647, 41.965643727262851 ], [ 19.267904818596371, 41.965666843405096 ] ] ] } },
{ "type": "Feature", "properties": { "height": -1.0, "confidence": -1.0, "dist_to_osm_m": 157.79233808908083, "area_m2": 134.86237105249998, "rectangularity": 0.99795292698671612 }, "geometry": { "type": "Polygon", "coordinates": [ [ [ 19.266817960207003, 41.965689608867962 ], [ 19.266925696844854, 41.965802064060604 ], [ 19.267012129967792, 41.965756283818699 ], [ 19.266904386308159, 41.965643832264419 ], [ 19.266817960207003, 41.965689608867962 ] ] ] } },
{ "type": "Feature", "properties": { "height": -1.0, "confidence": -1.0, "dist_to_osm_m": 784.10170608936846, "area_m2": 22.69748109494736, "rectangularity": 0.99903635105962307 }, "geometry": { "type": "Polygon", "coordinates": [ [ [ 19.239758308637541, 41.965750470748574 ], [ 19.239840735772059, 41.965730481714203 ], [ 19.239828875435308, 41.965703442763044 ], [ 19.239746448300789, 41.965723431805877 ], [ 19.239758308637541, 41.965750470748574 ] ] ] } },
{ "type": "Feature", "properties": { "height": -1.0, "confidence": -1.0, "dist_to_osm_m": 555.39320209634627, "area_m2": 27.835316549909429, "rectangularity": 0.99921685880529476 }, "geometry": { "type": "Polygon", "coordinates": [ [ [ 19.236454553515433, 41.967097037863304 ], [ 19.236365356763685, 41.967112230090294 ], [ 19.236375281168701, 41.967144442824733 ], [ 19.236464477920446, 41.967129250605417 ], [ 19.236454553515433, 41.967097037863304 ] ] ] } },
{ "type": "Feature", "properties": { "height": -1.0, "confidence": -1.0, "dist_to_osm_m": 142.68639097574263, "area_m2": 21.099904604623141, "rectangularity": 0.99957493579160717 }, "geometry": { "type": "Polygon", "coordinates": [ [ [ 19.242553930433203, 41.985747782543612 ], [ 19.242558075883185, 41.985712162415595 ], [ 19.242494181396282, 41.985708050609674 ], [ 19.2424900359463, 41.985743670740007 ], [ 19.242553930433203, 41.985747782543612 ] ] ] } },
{ "type": "Feature", "properties": { "height": -1.0, "confidence": -1.0, "dist_to_osm_m": 180.75696244388922, "area_m2": 36.367465763494785, "rectangularity": 0.99982320909939248 }, "geometry": { "type": "Polygon", "coordinates": [ [ [ 19.282599949156975, 41.99198564589075 ], [ 19.28249559491309, 41.991989456583383 ], [ 19.282498092754025, 41.992027242251233 ], [ 19.282602446997913, 41.99202343156086 ], [ 19.282599949156975, 41.99198564589075 ] ] ] } },
{ "type": "Feature", "properties": { "height": -1.0, "confidence": -1.0, "dist_to_osm_m": 228.20114508272886, "area_m2": 36.777932479724896, "rectangularity": 0.999052940917599 }, "geometry": { "type": "Polygon", "coordinates": [ [ [ 19.295169466767923, 41.986131994632764 ], [ 19.295252998202375, 41.986121695635035 ], [ 19.295242602081611, 41.986075128500438 ], [ 19.295159070647159, 41.986085427505721 ], [ 19.295169466767923, 41.986131994632764 ] ] ] } },
{ "type": "Feature", "properties": { "height": -1.0, "confidence": -1.0, "dist_to_osm_m": 240.64423854836983, "area_m2": 40.181075916877347, "rectangularity": 0.99863079576322855 }, "geometry": { "type": "Polygon", "coordinates": [ [ [ 19.295390178258373, 41.986163357878588 ], [ 19.295336024808883, 41.986178376538582 ], [ 19.29537154842853, 41.986249159539256 ], [ 19.295425703119182, 41.986234143369053 ], [ 19.295390178258373, 41.986163357878588 ] ] ] } },
{ "type": "Feature", "properties": { "height": -1.0, "confidence": -1.0, "dist_to_osm_m": 236.48367566662151, "area_m2": 37.847634477830326, "rectangularity": 0.99735783959750235 }, "geometry": { "type": "Polygon", "coordinates": [ [ [ 19.295380279541963, 41.986320065401912 ], [ 19.295323300391605, 41.98636953302767 ], [ 19.29537127900285, 41.986400066455708 ], [ 19.295428258153169, 41.986350598853669 ], [ 19.295380279541963, 41.986320065401912 ] ] ] } },
{ "type": "Feature", "properties": { "height": -1.0, "confidence": -1.0, "dist_to_osm_m": 278.74552035533861, "area_m2": 52.089555770589243, "rectangularity": 0.99799955626247538 }, "geometry": { "type": "Polygon", "coordinates": [ [ [ 19.192197809473754, 41.931350965817913 ], [ 19.192153419855611, 41.931421253202551 ], [ 19.192219335575935, 41.931444292809793 ], [ 19.192263725194074, 41.931374005450515 ], [ 19.192197809473754, 41.931350965817913 ] ] ] } },
{ "type": "Feature", "properties": { "height": -1.0, "confidence": -1.0, "dist_to_osm_m": 110.05938410234882, "area_m2": 28.343003531009472, "rectangularity": 0.99808659031375691 }, "geometry": { "type": "Polygon", "coordinates": [ [ [ 19.199063502487505, 41.933526717541724 ], [ 19.199011972942156, 41.933579852429482 ], [ 19.199050069013694, 41.933600296492088 ], [ 19.199101594006123, 41.93354716116135 ], [ 19.199063502487505, 41.933526717541724 ] ] ] } },
{ "type": "Feature", "properties": { "height": -1.0, "confidence": -1.0, "dist_to_osm_m": 108.83433067293691, "area_m2": 80.618631043239148, "rectangularity": 0.99884886303711506 }, "geometry": { "type": "Polygon", "coordinates": [ [ [ 19.203107480475946, 41.933732691345227 ], [ 19.203139124447624, 41.933828680729867 ], [ 19.20322514595966, 41.933812987066553 ], [ 19.203193501987975, 41.933716997658316 ], [ 19.203107480475946, 41.933732691345227 ] ] ] } },
{ "type": "Feature", "properties": { "height": -1.0, "confidence": -1.0, "dist_to_osm_m": 107.13704272614322, "area_m2": 53.589932186454149, "rectangularity": 0.99969976275251293 }, "geometry": { "type": "Polygon", "coordinates": [ [ [ 19.203661599712081, 41.933776367360295 ], [ 19.203557447720009, 41.933781486453327 ], [ 19.203562382880207, 41.933837113459511 ], [ 19.203666534872319, 41.933831994370934 ], [ 19.203661599712081, 41.933776367360295 ] ] ] } },
{ "type": "Feature", "properties": { "height": -1.0, "confidence": -1.0, "dist_to_osm_m": 114.17505503852561, "area_m2": 46.68022936611348, "rectangularity": 0.99982904792656002 }, "geometry": { "type": "Polygon", "coordinates": [ [ [ 19.203167024739262, 41.933910721167621 ], [ 19.203043815547613, 41.933914153184588 ], [ 19.203045879288073, 41.933955231165974 ], [ 19.203169088801584, 41.933951805557243 ], [ 19.203167024739262, 41.933910721167621 ] ] ] } },
{ "type": "Feature", "properties": { "height": -1.0, "confidence": -1.0, "dist_to_osm_m": 106.65851453557222, "area_m2": 38.141539011527243, "rectangularity": 0.99804715168358937 }, "geometry": { "type": "Polygon", "coordinates": [ [ [ 19.18924574537742, 41.937169071931386 ], [ 19.189286447018436, 41.937195799569693 ], [ 19.189354315055027, 41.937138609563029 ], [ 19.189313613414051, 41.937111881900726 ], [ 19.18924574537742, 41.937169071931386 ] ] ] } },
{ "type": "Feature", "properties": { "height": -1.0, "confidence": -1.0, "dist_to_osm_m": 122.59114718791218, "area_m2": 20.093771061993294, "rectangularity": 0.99970561893150334 }, "geometry": { "type": "Polygon", "coordinates": [ [ [ 19.192717600004173, 41.937384992968482 ], [ 19.192665526842706, 41.93738355338332 ], [ 19.192663432481623, 41.937425395299506 ], [ 19.19271550957442, 41.937426834992429 ], [ 19.192717600004173, 41.937384992968482 ] ] ] } },
{ "type": "Feature", "properties": { "height": -1.0, "confidence": -1.0, "dist_to_osm_m": 102.20331088518228, "area_m2": 22.527393128240469, "rectangularity": 0.99720786664724903 }, "geometry": { "type": "Polygon", "coordinates": [ [ [ 19.186193592913291, 41.939229115524554 ], [ 19.186148182160213, 41.939249340825 ], [ 19.186180100713933, 41.939288994380433 ], [ 19.186225511466972, 41.939268769092585 ], [ 19.186193592913291, 41.939229115524554 ] ] ] } },
{ "type": "Feature", "properties": { "height": -1.0, "confidence": -1.0, "dist_to_osm_m": 150.23487717068593, "area_m2": 52.566708425231568, "rectangularity": 0.99745662507774824 }, "geometry": { "type": "Polygon", "coordinates": [ [ [ 19.184826759573383, 41.941972168311253 ], [ 19.184910915932463, 41.941930017596206 ], [ 19.184868665597993, 41.941883346186785 ], [ 19.184784512260496, 41.941925495419298 ], [ 19.184826759573383, 41.941972168311253 ] ] ] } },
{ "type": "Feature", "properties": { "height": -1.0, "confidence": -1.0, "dist_to_osm_m": 245.65335503189698, "area_m2": 120.1000092199686, "rectangularity": 0.99780803886585667 }, "geometry": { "type": "Polygon", "coordinates": [ [ [ 19.178939754382732, 41.951625153511742 ], [ 19.178822795741599, 41.951531631227382 ], [ 19.178748012334772, 41.951583359729227 ], [ 19.178864973585977, 41.951676884024714 ], [ 19.178939754382732, 41.951625153511742 ] ] ] } },
{ "type": "Feature", "properties": { "height": -1.0, "confidence": -1.0, "dist_to_osm_m": 601.53678471988235, "area_m2": 26.727443764642857, "rectangularity": 0.99860604225871208 }, "geometry": { "type": "Polygon", "coordinates": [ [ [ 19.187168328180913, 41.983283080534846 ], [ 19.187224388746941, 41.983221615611157 ], [ 19.187192020023758, 41.983205301017968 ], [ 19.187135955493183, 41.983266763959207 ], [ 19.187168328180913, 41.983283080534846 ] ] ] } },
{ "type": "Feature", "properties": { "height": -1.0, "confidence": -1.0, "dist_to_osm_m": 478.53219268267651, "area_m2": 27.431923406627092, "rectangularity": 0.99800635049597319 }, "geometry": { "type": "Polygon", "coordinates": [ [ [ 19.183875969977088, 41.984722965375802 ], [ 19.183843818434699, 41.984748005243077 ], [ 19.183906116735375, 41.984792203075727 ], [ 19.183938267043953, 41.984767162350508 ], [ 19.183875969977088, 41.984722965375802 ] ] ] } },
{ "type": "Feature", "properties": { "height": -1.0, "confidence": -1.0, "dist_to_osm_m": 441.66885814788037, "area_m2": 25.56237963738694, "rectangularity": 0.99934135324475015 }, "geometry": { "type": "Polygon", "coordinates": [ [ [ 19.179594876094651, 41.985344586771141 ], [ 19.179635348340007, 41.985339072414774 ], [ 19.179618980847803, 41.985272674007682 ], [ 19.17957850205137, 41.985278187156538 ], [ 19.179594876094651, 41.985344586771141 ] ] ] } },
{ "type": "Feature", "properties": { "height": -1.0, "confidence": -1.0, "dist_to_osm_m": 183.60000022900047, "area_m2": 141.86580098155497, "rectangularity": 0.99690386684983356 }, "geometry": { "type": "Polygon", "coordinates": [ [ [ 19.203764182912131, 41.951066699803562 ], [ 19.2036830640304, 41.951145391250442 ], [ 19.203806382938964, 41.951215704526035 ], [ 19.203887505988323, 41.95113700912308 ], [ 19.203764182912131, 41.951066699803562 ] ] ] } },
{ "type": "Feature", "properties": { "height": -1.0, "confidence": -1.0, "dist_to_osm_m": 236.60104409106899, "area_m2": 125.29027091612045, "rectangularity": 0.99671450686109897 }, "geometry": { "type": "Polygon", "coordinates": [ [ [ 19.203767888862121, 41.951729144000737 ], [ 19.20369551003435, 41.951815135105434 ], [ 19.203809207807105, 41.951868066601008 ], [ 19.203881586634836, 41.951782075567721 ], [ 19.203767888862121, 41.951729144000737 ] ] ] } },
{ "type": "Feature", "properties": { "height": -1.0, "confidence": -1.0, "dist_to_osm_m": 286.61301482832431, "area_m2": 53.544819400625769, "rectangularity": 0.99925845356649334 }, "geometry": { "type": "Polygon", "coordinates": [ [ [ 19.203493528696374, 41.952414511704461 ], [ 19.203561330715011, 41.952423031052781 ], [ 19.203580276105271, 41.952339636840058 ], [ 19.203512474086672, 41.95233111748059 ], [ 19.203493528696374, 41.952414511704461 ] ] ] } },
{ "type": "Feature", "properties": { "height": -1.0, "confidence": -1.0, "dist_to_osm_m": 263.65862807921087, "area_m2": 116.5368616251354, "rectangularity": 0.85038235319500943 }, "geometry": { "type": "Polygon", "coordinates": [ [ [ 19.203153334047521, 41.952684048803313 ], [ 19.20308600749431, 41.952779449218113 ], [ 19.203168881840934, 41.95281179721465 ], [ 19.203199782601406, 41.952768005639072 ], [ 19.203238881374705, 41.952783266904248 ], [ 19.203275303936273, 41.9527316568646 ], [ 19.203153334047521, 41.952684048803313 ] ] ] } },
{ "type": "Feature", "properties": { "height": -1.0, "confidence": -1.0, "dist_to_osm_m": 265.6949887643612, "area_m2": 21.598186638507414, "rectangularity": 0.99874444194228484 }, "geometry": { "type": "Polygon", "coordinates": [ [ [ 19.203102861259215, 41.952799031967153 ], [ 19.20308590110541, 41.952847621146468 ], [ 19.203131132872105, 41.952856353351336 ], [ 19.20314809302587, 41.952807764178694 ], [ 19.203102861259215, 41.952799031967153 ] ] ] } },
{ "type": "Feature", "properties": { "height": -1.0, "confidence": -1.0, "dist_to_osm_m": 269.34956778309476, "area_m2": 155.5546103015657, "rectangularity": 0.998070365535772 }, "geometry": { "type": "Polygon", "coordinates": [ [ [ 19.203477395235169, 41.95325643926774 ], [ 19.203543631100878, 41.953321770371353 ], [ 19.203708514558407, 41.9532293059398 ], [ 19.203642280320672, 41.953163982410743 ], [ 19.203477395235169, 41.95325643926774 ] ] ] } },
{ "type": "Feature", "properties": { "height": -1.0, "confidence": -1.0, "dist_to_osm_m": 207.18781222102308, "area_m2": 60.550337601886639, "rectangularity": 0.99980591434052146 }, "geometry": { "type": "Polygon", "coordinates": [ [ [ 19.211671194627353, 41.941196166747844 ], [ 19.211774185322486, 41.941194118585891 ], [ 19.211771892216142, 41.941130320612629 ], [ 19.211668895522408, 41.941132368895929 ], [ 19.211671194627353, 41.941196166747844 ] ] ] } },
{ "type": "Feature", "properties": { "height": -1.0, "confidence": -1.0, "dist_to_osm_m": 141.21684467162612, "area_m2": 84.446071229237063, "rectangularity": 0.99734507542042605 }, "geometry": { "type": "Polygon", "coordinates": [ [ [ 19.212842496545768, 41.94225766437237 ], [ 19.212745898581183, 41.942324310919197 ], [ 19.212809533550317, 41.942375340218035 ], [ 19.212906134885888, 41.942308696427745 ], [ 19.212842496545768, 41.94225766437237 ] ] ] } },
{ "type": "Feature", "properties": { "height": -1.0, "confidence": -1.0, "dist_to_osm_m": 161.42043404927045, "area_m2": 112.1632134410758, "rectangularity": 0.99730182918994814 }, "geometry": { "type": "Polygon", "coordinates": [ [ [ 19.212574214776691, 41.942461641304916 ], [ 19.212637666713555, 41.942531507088063 ], [ 19.212757379955473, 41.942471354606205 ], [ 19.212693928018648, 41.942401488757156 ], [ 19.212574214776691, 41.942461641304916 ] ] ] } },
{ "type": "Feature", "properties": { "height": -1.0, "confidence": -1.0, "dist_to_osm_m": 145.82699386879295, "area_m2": 116.52527158620073, "rectangularity": 0.99738131592682977 }, "geometry": { "type": "Polygon", "coordinates": [ [ [ 19.212818793608356, 41.942460487019808 ], [ 19.212877767241736, 41.942535376578213 ], [ 19.213003581257418, 41.94248056193485 ], [ 19.212944611464412, 41.94240567718883 ], [ 19.212818793608356, 41.942460487019808 ] ] ] } },
{ "type": "Feature", "properties": { "height": -1.0, "confidence": -1.0, "dist_to_osm_m": 176.15744183012868, "area_m2": 124.2540933329032, "rectangularity": 0.99741284138190611 }, "geometry": { "type": "Polygon", "coordinates": [ [ [ 19.212443264066415, 41.942521073972138 ], [ 19.212521415903694, 41.94261782049341 ], [ 19.212623893691632, 41.942572020707225 ], [ 19.212545741854392, 41.942475274116461 ], [ 19.212443264066415, 41.942521073972138 ] ] ] } },
{ "type": "Feature", "properties": { "height": -1.0, "confidence": -1.0, "dist_to_osm_m": 152.76712639592677, "area_m2": 59.203445349222747, "rectangularity": 0.99662581597197786 }, "geometry": { "type": "Polygon", "coordinates": [ [ [ 19.212991156777175, 41.942640346570094 ], [ 19.213066826422963, 41.942596928016215 ], [ 19.213011580884501, 41.942543659173253 ], [ 19.212935913799942, 41.942587080232975 ], [ 19.212991156777175, 41.942640346570094 ] ] ] } },
{ "type": "Feature", "properties": { "height": -1.0, "confidence": -1.0, "dist_to_osm_m": 167.12544595995686, "area_m2": 57.749950578192355, "rectangularity": 0.99921092268619127 }, "geometry": { "type": "Polygon", "coordinates": [ [ [ 19.212732017292225, 41.942624621364331 ], [ 19.212644697293992, 41.94263221279045 ], [ 19.212655831193793, 41.942703067159322 ], [ 19.212743151192026, 41.942695475741623 ], [ 19.212732017292225, 41.942624621364331 ] ] ] } },
{ "type": "Feature", "properties": { "height": -1.0, "confidence": -1.0, "dist_to_osm_m": 180.34342599708279, "area_m2": 431.77091725840035, "rectangularity": 0.99796996388717329 }, "geometry": { "type": "Polygon", "coordinates": [ [ [ 19.212225868952785, 41.94259788416899 ], [ 19.212024239973111, 41.942660737444974 ], [ 19.212135695611909, 41.942858550715506 ], [ 19.212337313788382, 41.942795711498121 ], [ 19.212225868952785, 41.94259788416899 ] ] ] } },
{ "type": "Feature", "properties": { "height": -1.0, "confidence": -1.0, "dist_to_osm_m": 200.44034301742866, "area_m2": 25.424629070580401, "rectangularity": 0.99913417388611525 }, "geometry": { "type": "Polygon", "coordinates": [ [ [ 19.211828373587601, 41.94286393441719 ], [ 19.211877800475943, 41.942857455378174 ], [ 19.211864963817526, 41.942803276382854 ], [ 19.211815536929144, 41.942809755427369 ], [ 19.211828373587601, 41.94286393441719 ] ] ] } },
{ "type": "Feature", "properties": { "height": -1.0, "confidence": -1.0, "dist_to_osm_m": 622.87618313279484, "area_m2": 22.128561493256669, "rectangularity": 0.99864833751783411 }, "geometry": { "type": "Polygon", "coordinates": [ [ [ 19.21015464530651, 41.977446445723373 ], [ 19.210230010704471, 41.977410891465652 ], [ 19.210210595623888, 41.977388147056111 ], [ 19.210135231752545, 41.977423700606323 ], [ 19.21015464530651, 41.977446445723373 ] ] ] } },
{ "type": "Feature", "properties": { "height": -1.0, "confidence": -1.0, "dist_to_osm_m": 650.33061085003999, "area_m2": 41.324694571669518, "rectangularity": 0.99906085929843003 }, "geometry": { "type": "Polygon", "coordinates": [ [ [ 19.209851869145687, 41.977778669490867 ], [ 19.209970390140306, 41.977813264356463 ], [ 19.209987726987944, 41.977780439438703 ], [ 19.209869205993286, 41.977745844555287 ], [ 19.209851869145687, 41.977778669490867 ] ] ] } },
{ "type": "Feature", "properties": { "height": -1.0, "confidence": -1.0, "dist_to_osm_m": 706.18163827756121, "area_m2": 84.053975740533019, "rectangularity": 0.9988864694856544 }, "geometry": { "type": "Polygon", "coordinates": [ [ [ 19.209474118787931, 41.978356098571105 ], [ 19.209326363136618, 41.978392084465227 ], [ 19.20935096359273, 41.978447905340786 ], [ 19.209498719244003, 41.978411919478191 ], [ 19.209474118787931, 41.978356098571105 ] ] ] } },
{ "type": "Feature", "properties": { "height": -1.0, "confidence": -1.0, "dist_to_osm_m": 600.62657595390783, "area_m2": 23.652223593216533, "rectangularity": 0.99871261579576842 }, "geometry": { "type": "Polygon", "coordinates": [ [ [ 19.227087927773482, 41.970768796031905 ], [ 19.227168466605328, 41.970737054188049 ], [ 19.227150705835673, 41.97071214705479 ], [ 19.227070168834164, 41.970743888189681 ], [ 19.227087927773482, 41.970768796031905 ] ] ] } },
{ "type": "Feature", "properties": { "height": -1.0, "confidence": -1.0, "dist_to_osm_m": 519.85631880870812, "area_m2": 31.691097288335133, "rectangularity": 0.99917285996376826 }, "geometry": { "type": "Polygon", "coordinates": [ [ [ 19.223171334331436, 41.96592534153524 ], [ 19.223182713911275, 41.965959120141953 ], [ 19.223278620194829, 41.965941257609693 ], [ 19.223267240614991, 41.9659074789935 ], [ 19.223171334331436, 41.96592534153524 ] ] ] } },
{ "type": "Feature", "properties": { "height": -1.0, "confidence": -1.0, "dist_to_osm_m": 433.41899927834265, "area_m2": 32.108467414288157, "rectangularity": 0.99809334788273041 }, "geometry": { "type": "Polygon", "coordinates": [ [ [ 19.233448933720538, 41.968421720889694 ], [ 19.233501693197965, 41.96847826655253 ], [ 19.233543340721194, 41.968456784905456 ], [ 19.233490581243768, 41.968400239223541 ], [ 19.233448933720538, 41.968421720889694 ] ] ] } },
{ "type": "Feature", "properties": { "height": -1.0, "confidence": -1.0, "dist_to_osm_m": 485.01506138826983, "area_m2": 25.684982366288935, "rectangularity": 0.99823556386161694 }, "geometry": { "type": "Polygon", "coordinates": [ [ [ 19.230344263567133, 41.969823911492107 ], [ 19.230306445976314, 41.969841205342846 ], [ 19.230350728574624, 41.969894740971796 ], [ 19.2303885498218, 41.969877445463553 ], [ 19.230344263567133, 41.969823911492107 ] ] ] } },
{ "type": "Feature", "properties": { "height": -1.0, "confidence": -1.0, "dist_to_osm_m": 222.70695362921387, "area_m2": 119.28990399817754, "rectangularity": 0.9984561955507314 }, "geometry": { "type": "Polygon", "coordinates": [ [ [ 19.203975926962347, 41.951696952978075 ], [ 19.203860745759812, 41.951817715376549 ], [ 19.203932121051487, 41.951855368594728 ], [ 19.204047302254025, 41.951734606267578 ], [ 19.203975926962347, 41.951696952978075 ] ] ] } },
{ "type": "Feature", "properties": { "height": -1.0, "confidence": -1.0, "dist_to_osm_m": 114.14988057426413, "area_m2": 276.09749742674956, "rectangularity": 0.78968147000468691 }, "geometry": { "type": "Polygon", "coordinates": [ [ [ 19.20664542604877, 41.99254868451505 ], [ 19.206647002063807, 41.992598494528465 ], [ 19.206523688643095, 41.992600649800714 ], [ 19.20652684067317, 41.992700269707214 ], [ 19.206588497383549, 41.99269919207277 ], [ 19.206589442992581, 41.992729078014818 ], [ 19.20673956367866, 41.992726454210391 ], [ 19.206733890024474, 41.992547138340221 ], [ 19.20664542604877, 41.99254868451505 ] ] ] } },
{ "type": "Feature", "properties": { "height": -1.0, "confidence": -1.0, "dist_to_osm_m": 162.58712148010298, "area_m2": 101.30593548495744, "rectangularity": 0.99850372092252271 }, "geometry": { "type": "Polygon", "coordinates": [ [ [ 19.195521490562982, 41.975456527031142 ], [ 19.19554993207413, 41.975377605892461 ], [ 19.195419798164082, 41.975351686042288 ], [ 19.195391358929676, 41.975430600895571 ], [ 19.195521490562982, 41.975456527031142 ] ] ] } },
{ "type": "Feature", "properties": { "height": -1.0, "confidence": -1.0, "dist_to_osm_m": 108.32926254701364, "area_m2": 28.66406647124851, "rectangularity": 0.99763566226340306 }, "geometry": { "type": "Polygon", "coordinates": [ [ [ 19.183163724279787, 41.972332398910694 ], [ 19.183228794888329, 41.972357898206312 ], [ 19.183255348012267, 41.972320444347723 ], [ 19.183190277403725, 41.972294945037113 ], [ 19.183163724279787, 41.972332398910694 ] ] ] } },
{ "type": "Feature", "properties": { "height": -1.0, "confidence": -1.0, "dist_to_osm_m": 119.71952293343401, "area_m2": 43.792041251573693, "rectangularity": 0.99795519286533152 }, "geometry": { "type": "Polygon", "coordinates": [ [ [ 19.214459913729517, 41.967474729620569 ], [ 19.214486655873657, 41.967415604806021 ], [ 19.214414365313477, 41.967397528931407 ], [ 19.214387623169298, 41.967456653762738 ], [ 19.214459913729517, 41.967474729620569 ] ] ] } },
{ "type": "Feature", "properties": { "height": -1.0, "confidence": -1.0, "dist_to_osm_m": 125.79352157468981, "area_m2": 39.552837523923969, "rectangularity": 0.9972245862424145 }, "geometry": { "type": "Polygon", "coordinates": [ [ [ 19.214290257419556, 41.967491464346473 ], [ 19.214358390510643, 41.9675152477949 ], [ 19.214391018168541, 41.967463567587295 ], [ 19.214322883243199, 41.967439787024908 ], [ 19.214290257419556, 41.967491464346473 ] ] ] } },
{ "type": "Feature", "properties": { "height": -1.0, "confidence": -1.0, "dist_to_osm_m": 111.88141356645205, "area_m2": 58.591657580059092, "rectangularity": 0.99801565025566108 }, "geometry": { "type": "Polygon", "coordinates": [ [ [ 19.214491293493381, 41.967599865023267 ], [ 19.214543684828694, 41.967524191674777 ], [ 19.214477185873552, 41.96749873972125 ], [ 19.214424800169457, 41.967574415255307 ], [ 19.214491293493381, 41.967599865023267 ] ] ] } },
{ "type": "Feature", "properties": { "height": -1.0, "confidence": -1.0, "dist_to_osm_m": 635.79094940907521, "area_m2": 29.905316701715105, "rectangularity": 0.99809338104871204 }, "geometry": { "type": "Polygon", "coordinates": [ [ [ 19.213142523244255, 41.975972256727836 ], [ 19.21319008182337, 41.976027322123748 ], [ 19.213231864826426, 41.976007377584189 ], [ 19.213184306247271, 41.975952312171046 ], [ 19.213142523244255, 41.975972256727836 ] ] ] } },
{ "type": "Feature", "properties": { "height": -1.0, "confidence": -1.0, "dist_to_osm_m": 703.84548209603315, "area_m2": 228.79506244851467, "rectangularity": 0.99975370415339859 }, "geometry": { "type": "Polygon", "coordinates": [ [ [ 19.209682747175659, 41.97863202510986 ], [ 19.209697601192076, 41.978307387063118 ], [ 19.209621095419919, 41.978305456491306 ], [ 19.209606271932159, 41.978630095318252 ], [ 19.209682747175659, 41.97863202510986 ] ] ] } },
{ "type": "Feature", "properties": { "height": -1.0, "confidence": -1.0, "dist_to_osm_m": 114.75579656805998, "area_m2": 30.490667856264057, "rectangularity": 0.99756949399178729 }, "geometry": { "type": "Polygon", "coordinates": [ [ [ 19.211001794067769, 41.996086991397632 ], [ 19.211058687949297, 41.996131118137981 ], [ 19.211097839258052, 41.996103234997271 ], [ 19.211040946745349, 41.996059109299289 ], [ 19.211001794067769, 41.996086991397632 ] ] ] } },
{ "type": "Feature", "properties": { "height": -1.0, "confidence": -1.0, "dist_to_osm_m": 117.55493748868824, "area_m2": 28.646496640138988, "rectangularity": 0.99837216591134936 }, "geometry": { "type": "Polygon", "coordinates": [ [ [ 19.210846971490611, 41.996269391846617 ], [ 19.210806919812356, 41.996285851860634 ], [ 19.210851223214263, 41.996345386550296 ], [ 19.210891270598914, 41.996328928316231 ], [ 19.210846971490611, 41.996269391846617 ] ] ] } },
{ "type": "Feature", "properties": { "height": -1.0, "confidence": -1.0, "dist_to_osm_m": 184.67908931799471, "area_m2": 21.516656882375518, "rectangularity": 0.99912198138550978 }, "geometry": { "type": "Polygon", "coordinates": [ [ [ 19.222595555378483, 41.989570865074185 ], [ 19.222685782616963, 41.989542750095055 ], [ 19.222673347905381, 41.989520708007198 ], [ 19.222583122432209, 41.989548822445975 ], [ 19.222595555378483, 41.989570865074185 ] ] ] } },
{ "type": "Feature", "properties": { "height": -1.0, "confidence": -1.0, "dist_to_osm_m": 178.0795945565155, "area_m2": 34.480042382875688, "rectangularity": 0.99830914040158947 }, "geometry": { "type": "Polygon", "coordinates": [ [ [ 19.183521238564801, 42.010646332610357 ], [ 19.183448899552783, 42.010661079075611 ], [ 19.183466693100538, 42.010709268134185 ], [ 19.183539032112598, 42.010694521680094 ], [ 19.183521238564801, 42.010646332610357 ] ] ] } },
{ "type": "Feature", "properties": { "height": -1.0, "confidence": -1.0, "dist_to_osm_m": 105.40955238751818, "area_m2": 116.88871547272785, "rectangularity": 0.99943033005258486 }, "geometry": { "type": "Polygon", "coordinates": [ [ [ 19.181464968224763, 42.01062138637819 ], [ 19.181510161549525, 42.010787229585667 ], [ 19.181583757354694, 42.010776161315079 ], [ 19.18153857803501, 42.010610312144543 ], [ 19.181464968224763, 42.01062138637819 ] ] ] } },
{ "type": "Feature", "properties": { "height": -1.0, "confidence": -1.0, "dist_to_osm_m": 105.8375379867616, "area_m2": 33.012835820708126, "rectangularity": 0.6395391715814136 }, "geometry": { "type": "Polygon", "coordinates": [ [ [ 19.174773101185945, 42.012096710225336 ], [ 19.174866909642265, 42.012076211939373 ], [ 19.174845124139068, 42.012021185570305 ], [ 19.174803157198063, 42.012030355864894 ], [ 19.174817352231489, 42.012066210035741 ], [ 19.174765511698464, 42.012077540519641 ], [ 19.174773101185945, 42.012096710225336 ] ] ] } },
{ "type": "Feature", "properties": { "height": -1.0, "confidence": -1.0, "dist_to_osm_m": 112.57800708544552, "area_m2": 20.728956298660986, "rectangularity": 0.99950881632123045 }, "geometry": { "type": "Polygon", "coordinates": [ [ [ 19.174881764102807, 42.012113161758904 ], [ 19.17484071663846, 42.012116472440759 ], [ 19.174848643728922, 42.012170730470515 ], [ 19.174889695936198, 42.012167417274185 ], [ 19.174881764102807, 42.012113161758904 ] ] ] } },
{ "type": "Feature", "properties": { "height": -1.0, "confidence": -1.0, "dist_to_osm_m": 165.40016755759763, "area_m2": 35.925879980956282, "rectangularity": 0.99660659833316623 }, "geometry": { "type": "Polygon", "coordinates": [ [ [ 19.141171118589114, 41.99197023043935 ], [ 19.141227075271921, 41.991932535880089 ], [ 19.141180362597154, 41.991894230034831 ], [ 19.141124405914347, 41.991931924616793 ], [ 19.141171118589114, 41.99197023043935 ] ] ] } },
{ "type": "Feature", "properties": { "height": -1.0, "confidence": -1.0, "dist_to_osm_m": 147.6926786766181, "area_m2": 24.308567502233345, "rectangularity": 0.99818258032918528 }, "geometry": { "type": "Polygon", "coordinates": [ [ [ 19.152933943611337, 42.035628632832193 ], [ 19.152918760640617, 42.035671484758304 ], [ 19.152976455929362, 42.035682761576169 ], [ 19.152991638900087, 42.035639909657654 ], [ 19.152933943611337, 42.035628632832193 ] ] ] } },
{ "type": "Feature", "properties": { "height": -1.0, "confidence": -1.0, "dist_to_osm_m": 208.59369081927207, "area_m2": 21.215851979218296, "rectangularity": 0.99646856176121534 }, "geometry": { "type": "Polygon", "coordinates": [ [ [ 19.160160016989842, 42.034741300602938 ], [ 19.160197185863058, 42.034773159534751 ], [ 19.160238547797896, 42.034746538728314 ], [ 19.160201378924675, 42.03471467978315 ], [ 19.160160016989842, 42.034741300602938 ] ] ] } },
{ "type": "Feature", "properties": { "height": -1.0, "confidence": -1.0, "dist_to_osm_m": 334.07609783081494, "area_m2": 46.553088551002233, "rectangularity": 0.99976436135547775 }, "geometry": { "type": "Polygon", "coordinates": [ [ [ 19.16429740858133, 42.046746621726619 ], [ 19.164302305099881, 42.046671108188839 ], [ 19.164235404992027, 42.046668715983301 ], [ 19.164230508473477, 42.046744229523917 ], [ 19.16429740858133, 42.046746621726619 ] ] ] } },
{ "type": "Feature", "properties": { "height": -1.0, "confidence": -1.0, "dist_to_osm_m": 340.27427166599932, "area_m2": 33.778339355879467, "rectangularity": 0.99932975812167446 }, "geometry": { "type": "Polygon", "coordinates": [ [ [ 19.164217530358378, 42.046763771645303 ], [ 19.164203006745741, 42.046833816657433 ], [ 19.164254248773442, 42.046839673096549 ], [ 19.164268765937194, 42.046769627353839 ], [ 19.164217530358378, 42.046763771645303 ] ] ] } },
{ "type": "Feature", "properties": { "height": -1.0, "confidence": -1.0, "dist_to_osm_m": 340.91597082786808, "area_m2": 22.362456622260027, "rectangularity": 0.99840486379642057 }, "geometry": { "type": "Polygon", "coordinates": [ [ [ 19.164179089183691, 42.046880604874652 ], [ 19.164196135654365, 42.04683526343829 ], [ 19.16414637039945, 42.046824945987389 ], [ 19.164129323026614, 42.046870289830615 ], [ 19.164179089183691, 42.046880604874652 ] ] ] } },
{ "type": "Feature", "properties": { "height": -1.0, "confidence": -1.0, "dist_to_osm_m": 218.07561777265434, "area_m2": 21.997625437906535, "rectangularity": 0.99720858655593103 }, "geometry": { "type": "Polygon", "coordinates": [ [ [ 19.128662600613069, 42.060306979988688 ], [ 19.128622541234495, 42.060329558939614 ], [ 19.128661294030309, 42.060367457785745 ], [ 19.128701351142332, 42.060344880125797 ], [ 19.128662600613069, 42.060306979988688 ] ] ] } },
{ "type": "Feature", "properties": { "height": -1.0, "confidence": -1.0, "dist_to_osm_m": 172.07598507818676, "area_m2": 248.92834762506135, "rectangularity": 0.74067400366336844 }, "geometry": { "type": "Polygon", "coordinates": [ [ [ 19.127938338114419, 42.059576734422748 ], [ 19.127821613024945, 42.059630067432067 ], [ 19.127922630247006, 42.059751937045355 ], [ 19.12813967941057, 42.059652776268592 ], [ 19.128094929039921, 42.059598782145962 ], [ 19.127994608054721, 42.059644619921905 ], [ 19.127938338114419, 42.059576734422748 ] ] ] } },
{ "type": "Feature", "properties": { "height": -1.0, "confidence": -1.0, "dist_to_osm_m": 194.92622416654936, "area_m2": 26.420476976484061, "rectangularity": 0.99683412495119805 }, "geometry": { "type": "Polygon", "coordinates": [ [ [ 19.128078748067519, 42.059925874962858 ], [ 19.128130296303798, 42.05989466401283 ], [ 19.128093512986126, 42.059861176242798 ], [ 19.128041964749848, 42.059892387209324 ], [ 19.128078748067519, 42.059925874962858 ] ] ] } },
{ "type": "Feature", "properties": { "height": -1.0, "confidence": -1.0, "dist_to_osm_m": 144.49581686282809, "area_m2": 39.514204258117459, "rectangularity": 0.9980515546049733 }, "geometry": { "type": "Polygon", "coordinates": [ [ [ 19.125192752927692, 42.063050598975288 ], [ 19.125107794150797, 42.063018262906908 ], [ 19.125080123351424, 42.063058333730346 ], [ 19.125165084542349, 42.063090666282498 ], [ 19.125192752927692, 42.063050598975288 ] ] ] } },
{ "type": "Feature", "properties": { "height": -1.0, "confidence": -1.0, "dist_to_osm_m": 192.34504459959874, "area_m2": 111.01487678822296, "rectangularity": 0.99924188957853954 }, "geometry": { "type": "Polygon", "coordinates": [ [ [ 19.123851950286095, 42.062258803264953 ], [ 19.123815199750801, 42.062292407007604 ], [ 19.124031813715447, 42.06242298134805 ], [ 19.124068564250784, 42.062389377674499 ], [ 19.123851950286095, 42.062258803264953 ] ] ] } },
{ "type": "Feature", "properties": { "height": -1.0, "confidence": -1.0, "dist_to_osm_m": 189.23106775030857, "area_m2": 64.386922221874755, "rectangularity": 0.99762712505357187 }, "geometry": { "type": "Polygon", "coordinates": [ [ [ 19.123937444763477, 42.062408448970693 ], [ 19.12386709014902, 42.062440326494531 ], [ 19.123926725686047, 42.062512871360369 ], [ 19.123997080300462, 42.06248099387296 ], [ 19.123937444763477, 42.062408448970693 ] ] ] } },
{ "type": "Feature", "properties": { "height": -1.0, "confidence": -1.0, "dist_to_osm_m": 182.48513777377775, "area_m2": 47.730664307362929, "rectangularity": 0.99704501757573749 }, "geometry": { "type": "Polygon", "coordinates": [ [ [ 19.123803531666344, 42.062484911535968 ], [ 19.123856005440068, 42.062540225223493 ], [ 19.123918758268282, 42.062507416265049 ], [ 19.123866282426892, 42.062452100369399 ], [ 19.123803531666344, 42.062484911535968 ] ] ] } },
{ "type": "Feature", "properties": { "height": -1.0, "confidence": -1.0, "dist_to_osm_m": 146.1965062487977, "area_m2": 540.51948450945213, "rectangularity": 0.62761414050921038 }, "geometry": { "type": "Polygon", "coordinates": [ [ [ 19.123724196940636, 42.06239954604284 ], [ 19.123600060879284, 42.062457320518803 ], [ 19.123683349299846, 42.062555957524346 ], [ 19.123430068033485, 42.062673837448202 ], [ 19.123497111994268, 42.062753245033583 ], [ 19.123874534533208, 42.062577608128954 ], [ 19.123724196940636, 42.06239954604284 ] ] ] } },
{ "type": "Feature", "properties": { "height": -1.0, "confidence": -1.0, "dist_to_osm_m": 123.1457490702566, "area_m2": 24.037460563666418, "rectangularity": 0.99647963913191806 }, "geometry": { "type": "Polygon", "coordinates": [ [ [ 19.123185723939805, 42.062659482295977 ], [ 19.123139580846264, 42.062686620966794 ], [ 19.123176738150612, 42.062721442879038 ], [ 19.12322287967234, 42.062694302750053 ], [ 19.123185723939805, 42.062659482295977 ] ] ] } },
{ "type": "Feature", "properties": { "height": -1.0, "confidence": -1.0, "dist_to_osm_m": 625.76288100154488, "area_m2": 905.8305224625625, "rectangularity": 0.99799349262914494 }, "geometry": { "type": "Polygon", "coordinates": [ [ [ 19.360000819012832, 42.021719196290668 ], [ 19.359841652533873, 42.021886884525173 ], [ 19.360233982576446, 42.022092401879625 ], [ 19.360393149055405, 42.021924714187122 ], [ 19.360000819012832, 42.021719196290668 ] ] ] } },
{ "type": "Feature", "properties": { "height": -1.0, "confidence": -1.0, "dist_to_osm_m": 1119.1188381166235, "area_m2": 108.00131532758019, "rectangularity": 0.99851058620955091 }, "geometry": { "type": "Polygon", "coordinates": [ [ [ 19.291692681270742, 42.027535529712708 ], [ 19.291767302304173, 42.027566406610198 ], [ 19.291857375629252, 42.027446277201321 ], [ 19.291782763234032, 42.027415403819816 ], [ 19.291692681270742, 42.027535529712708 ] ] ] } },
{ "type": "Feature", "properties": { "height": -1.0, "confidence": -1.0, "dist_to_osm_m": 1165.9937718545875, "area_m2": 100.80804123507518, "rectangularity": 0.99900644343015155 }, "geometry": { "type": "Polygon", "coordinates": [ [ [ 19.292322416408897, 42.027649456263674 ], [ 19.292244921303045, 42.027668335730013 ], [ 19.292301312782534, 42.027796058033211 ], [ 19.292378807888383, 42.027777178604779 ], [ 19.292322416408897, 42.027649456263674 ] ] ] } },
{ "type": "Feature", "properties": { "height": -1.0, "confidence": -1.0, "dist_to_osm_m": 1124.1292262898078, "area_m2": 114.68383241049534, "rectangularity": 0.99892086271389724 }, "geometry": { "type": "Polygon", "coordinates": [ [ [ 19.29148285224171, 42.027759333860452 ], [ 19.291291007135229, 42.027817740747871 ], [ 19.291321714908477, 42.027873395470081 ], [ 19.291513560236176, 42.0278149985403 ], [ 19.29148285224171, 42.027759333860452 ] ] ] } },
{ "type": "Feature", "properties": { "height": -1.0, "confidence": -1.0, "dist_to_osm_m": 1191.3917577358809, "area_m2": 157.96176904184645, "rectangularity": 0.99784384094323375 }, "geometry": { "type": "Polygon", "coordinates": [ [ [ 19.29253152835582, 42.027781194434539 ], [ 19.292477266256963, 42.027874007621932 ], [ 19.292632968559772, 42.027924244000019 ], [ 19.29268723464024, 42.027831424075586 ], [ 19.29253152835582, 42.027781194434539 ] ] ] } },
{ "type": "Feature", "properties": { "height": -1.0, "confidence": -1.0, "dist_to_osm_m": 1699.3336219581749, "area_m2": 114.58696915971221, "rectangularity": 0.99811862043628041 }, "geometry": { "type": "Polygon", "coordinates": [ [ [ 19.283546707002536, 42.073459792848745 ], [ 19.283401052472659, 42.073529689233112 ], [ 19.283453637393958, 42.073590066367068 ], [ 19.283599291923835, 42.073520170049171 ], [ 19.283546707002536, 42.073459792848745 ] ] ] } },
{ "type": "Feature", "properties": { "height": -1.0, "confidence": -1.0, "dist_to_osm_m": 1691.7860177169741, "area_m2": 123.29182556858019, "rectangularity": 0.9979845621355089 }, "geometry": { "type": "Polygon", "coordinates": [ [ [ 19.283483551845471, 42.073624388957334 ], [ 19.283538439529909, 42.073691085252612 ], [ 19.283684938659739, 42.073624657671559 ], [ 19.283630050975301, 42.073557961306498 ], [ 19.283483551845471, 42.073624388957334 ] ] ] } },
{ "type": "Feature", "properties": { "height": -1.0, "confidence": -1.0, "dist_to_osm_m": 1537.8231702173364, "area_m2": 267.56726184648085, "rectangularity": 0.99886950336075087 }, "geometry": { "type": "Polygon", "coordinates": [ [ [ 19.281953129819925, 42.074464173442287 ], [ 19.281836702132154, 42.074502623897928 ], [ 19.281961839474921, 42.074711394700621 ], [ 19.282078264136352, 42.074672939322554 ], [ 19.281953129819925, 42.074464173442287 ] ] ] } },
{ "type": "Feature", "properties": { "height": -1.0, "confidence": -1.0, "dist_to_osm_m": 1490.9418344280423, "area_m2": 130.27079717924261, "rectangularity": 0.99864354348556694 }, "geometry": { "type": "Polygon", "coordinates": [ [ [ 19.281934961103595, 42.074990245488564 ], [ 19.281843669613146, 42.075018611190913 ], [ 19.281918188656281, 42.075150748434339 ], [ 19.28200948014673, 42.075122382791065 ], [ 19.281934961103595, 42.074990245488564 ] ] ] } },
{ "type": "Feature", "properties": { "height": -1.0, "confidence": -1.0, "dist_to_osm_m": 1484.6804146440329, "area_m2": 65.856083608397157, "rectangularity": 0.99861393828157052 }, "geometry": { "type": "Polygon", "coordinates": [ [ [ 19.282656654989964, 42.075313032824894 ], [ 19.282583866280824, 42.075410502319663 ], [ 19.282640116626368, 42.075433646241784 ], [ 19.282712898304929, 42.075336173889866 ], [ 19.282656654989964, 42.075313032824894 ] ] ] } },
{ "type": "Feature", "properties": { "height": -1.0, "confidence": -1.0, "dist_to_osm_m": 127.7220928976552, "area_m2": 214.50013374958993, "rectangularity": 0.99973503187284307 }, "geometry": { "type": "Polygon", "coordinates": [ [ [ 19.235906514009969, 42.018744745191022 ], [ 19.235914484757512, 42.018860016048869 ], [ 19.23611628109623, 42.018852303926657 ], [ 19.236108299518033, 42.01873703346876 ], [ 19.235906514009969, 42.018744745191022 ] ] ] } },
{ "type": "Feature", "properties": { "height": -1.0, "confidence": -1.0, "dist_to_osm_m": 1041.4336249503117, "area_m2": 71.247822779417021, "rectangularity": 0.99859660552216079 }, "geometry": { "type": "Polygon", "coordinates": [ [ [ 19.237634498553025, 42.028679416610132 ], [ 19.237666828097186, 42.028765628125754 ], [ 19.237750224817596, 42.028748372222509 ], [ 19.237717904320316, 42.028662163147722 ], [ 19.237634498553025, 42.028679416610132 ] ] ] } },
{ "type": "Feature", "properties": { "height": -1.0, "confidence": -1.0, "dist_to_osm_m": 1823.1160692283481, "area_m2": 20.213277303433124, "rectangularity": 0.99858637853868848 }, "geometry": { "type": "Polygon", "coordinates": [ [ [ 19.237003058457056, 42.058150051498011 ], [ 19.237016921295172, 42.058119685650212 ], [ 19.236951964593032, 42.058103338447786 ], [ 19.236938101754877, 42.058133704303387 ], [ 19.237003058457056, 42.058150051498011 ] ] ] } },
{ "type": "Feature", "properties": { "height": -1.0, "confidence": -1.0, "dist_to_osm_m": 1831.7418002062827, "area_m2": 78.380663464296816, "rectangularity": 0.99797593178366628 }, "geometry": { "type": "Polygon", "coordinates": [ [ [ 19.237029909816229, 42.058190174060108 ], [ 19.236912136330947, 42.058237916224989 ], [ 19.236953159070673, 42.058293694560128 ], [ 19.237070929088773, 42.058245947722895 ], [ 19.237029909816229, 42.058190174060108 ] ] ] } },
{ "type": "Feature", "properties": { "height": -1.0, "confidence": -1.0, "dist_to_osm_m": 1852.5241658386301, "area_m2": 102.76958320934349, "rectangularity": 0.99786858510124776 }, "geometry": { "type": "Polygon", "coordinates": [ [ [ 19.23764948615926, 42.058559498092592 ], [ 19.23770319493417, 42.058464759491038 ], [ 19.2376029371935, 42.058433432995557 ], [ 19.23754922841859, 42.058528171643843 ], [ 19.23764948615926, 42.058559498092592 ] ] ] } },
{ "type": "Feature", "properties": { "height": -1.0, "confidence": -1.0, "dist_to_osm_m": 1860.2163650144464, "area_m2": 110.15729645838107, "rectangularity": 0.99896848598997123 }, "geometry": { "type": "Polygon", "coordinates": [ [ [ 19.237305875573636, 42.058476514715899 ], [ 19.237280488800074, 42.058581386226251 ], [ 19.237391181971262, 42.058596163239883 ], [ 19.237416579670565, 42.058491287459844 ], [ 19.237305875573636, 42.058476514715899 ] ] ] } },
{ "type": "Feature", "properties": { "height": -1.0, "confidence": -1.0, "dist_to_osm_m": 1867.0151724914876, "area_m2": 25.575939842804928, "rectangularity": 0.998110615380703 }, "geometry": { "type": "Polygon", "coordinates": [ [ [ 19.237100062639023, 42.058518092445283 ], [ 19.237078207152042, 42.058550509830205 ], [ 19.23714683901995, 42.058576020153239 ], [ 19.237168696429592, 42.058543599929514 ], [ 19.237100062639023, 42.058518092445283 ] ] ] } },
{ "type": "Feature", "properties": { "height": -1.0, "confidence": -1.0, "dist_to_osm_m": 1889.4797278012102, "area_m2": 127.36729211282191, "rectangularity": 0.87230913895012763 }, "geometry": { "type": "Polygon", "coordinates": [ [ [ 19.237373060116045, 42.058748278098996 ], [ 19.237347489408215, 42.05877420129017 ], [ 19.237297905682968, 42.05874723762355 ], [ 19.237235253552164, 42.058810747305195 ], [ 19.237350470379084, 42.058873402221053 ], [ 19.237438694808205, 42.058783970290335 ], [ 19.237373060116045, 42.058748278098996 ] ] ] } },
{ "type": "Feature", "properties": { "height": -1.0, "confidence": -1.0, "dist_to_osm_m": 1898.2719989462037, "area_m2": 40.119906328339098, "rectangularity": 0.99789594888056166 }, "geometry": { "type": "Polygon", "coordinates": [ [ [ 19.237208283974034, 42.05881266455318 ], [ 19.237154889089801, 42.058872935372385 ], [ 19.237205437203414, 42.058897623395481 ], [ 19.237258833711909, 42.058837350766261 ], [ 19.237208283974034, 42.05881266455318 ] ] ] } },
{ "type": "Feature", "properties": { "height": -1.0, "confidence": -1.0, "dist_to_osm_m": 1556.234627223695, "area_m2": 96.352926638995839, "rectangularity": 0.99953513235591163 }, "geometry": { "type": "Polygon", "coordinates": [ [ [ 19.281403671739771, 42.074272301927458 ], [ 19.281389032544872, 42.074383998371012 ], [ 19.281482030338179, 42.07439070908228 ], [ 19.281496668905817, 42.07427901743656 ], [ 19.281403671739771, 42.074272301927458 ] ] ] } },
{ "type": "Feature", "properties": { "height": -1.0, "confidence": -1.0, "dist_to_osm_m": 1542.7201898429466, "area_m2": 70.973188188911678, "rectangularity": 0.89811707418383324 }, "geometry": { "type": "Polygon", "coordinates": [ [ [ 19.281307767733914, 42.074412726599917 ], [ 19.281300710711868, 42.07438795196817 ], [ 19.281231390065564, 42.074398831418414 ], [ 19.281254189675284, 42.074478872487774 ], [ 19.281356886929064, 42.074462754803349 ], [ 19.28134114434139, 42.07440748834744 ], [ 19.281307767733914, 42.074412726599917 ] ] ] } },
{ "type": "Feature", "properties": { "height": -1.0, "confidence": -1.0, "dist_to_osm_m": 1533.2200255751829, "area_m2": 67.778607086301349, "rectangularity": 0.99988346101838332 }, "geometry": { "type": "Polygon", "coordinates": [ [ [ 19.281461384393065, 42.074585878663321 ], [ 19.281463522095802, 42.07453814892451 ], [ 19.281309153669039, 42.074534347647955 ], [ 19.28130702046175, 42.074582077500352 ], [ 19.281461384393065, 42.074585878663321 ] ] ] } },
{ "type": "Feature", "properties": { "height": -1.0, "confidence": -1.0, "dist_to_osm_m": 1520.2494041044977, "area_m2": 63.577933845980695, "rectangularity": 0.99691354808259802 }, "geometry": { "type": "Polygon", "coordinates": [ [ [ 19.281706364017531, 42.074809710552941 ], [ 19.281765934470268, 42.074761041087775 ], [ 19.281688060688559, 42.074708521155607 ], [ 19.2816284875232, 42.074757192877328 ], [ 19.281706364017531, 42.074809710552941 ] ] ] } },
{ "type": "Feature", "properties": { "height": -1.0, "confidence": -1.0, "dist_to_osm_m": 1382.6267203062646, "area_m2": 73.840381256220283, "rectangularity": 0.9989110180702625 }, "geometry": { "type": "Polygon", "coordinates": [ [ [ 19.28182296966299, 42.076043247407476 ], [ 19.281755697631088, 42.07606028084669 ], [ 19.281804882434837, 42.07616728017608 ], [ 19.28187215446674, 42.076150246765621 ], [ 19.28182296966299, 42.076043247407476 ] ] ] } },
{ "type": "Feature", "properties": { "height": -1.0, "confidence": -1.0, "dist_to_osm_m": 872.54149955806645, "area_m2": 30.964824623446013, "rectangularity": 0.99742208926053255 }, "geometry": { "type": "Polygon", "coordinates": [ [ [ 19.280786950133027, 42.109283145610604 ], [ 19.28075761840562, 42.109323000796799 ], [ 19.280822785582153, 42.109349396519207 ], [ 19.280852120206006, 42.109309542522823 ], [ 19.280786950133027, 42.109283145610604 ] ] ] } },
{ "type": "Feature", "properties": { "height": -1.0, "confidence": -1.0, "dist_to_osm_m": 188.3427977722381, "area_m2": 22.553728645513349, "rectangularity": 0.99966821600614053 }, "geometry": { "type": "Polygon", "coordinates": [ [ [ 19.373873012998789, 42.064330092135009 ], [ 19.373930300908924, 42.064332000157442 ], [ 19.373932888292273, 42.064289250638289 ], [ 19.37387559653957, 42.064287339509775 ], [ 19.373873012998789, 42.064330092135009 ] ] ] } },
{ "type": "Feature", "properties": { "height": -1.0, "confidence": -1.0, "dist_to_osm_m": 144.5579176520861, "area_m2": 25.588516848129199, "rectangularity": 0.99924377559466926 }, "geometry": { "type": "Polygon", "coordinates": [ [ [ 19.37439854888288, 42.064294283062537 ], [ 19.374391955218986, 42.06433753666041 ], [ 19.37445551417996, 42.06434287675819 ], [ 19.374462107843854, 42.06429962316399 ], [ 19.37439854888288, 42.064294283062537 ] ] ] } },
{ "type": "Feature", "properties": { "height": -1.0, "confidence": -1.0, "dist_to_osm_m": 634.85711191558369, "area_m2": 46.172698595181515, "rectangularity": 0.99953700321570726 }, "geometry": { "type": "Polygon", "coordinates": [ [ [ 19.370219022920597, 42.076473660620394 ], [ 19.370159483402364, 42.076478389869322 ], [ 19.370171505086216, 42.076561827872389 ], [ 19.370231052823954, 42.076557101070286 ], [ 19.370219022920597, 42.076473660620394 ] ] ] } },
{ "type": "Feature", "properties": { "height": -1.0, "confidence": -1.0, "dist_to_osm_m": 1212.1870873269831, "area_m2": 31.706735178378175, "rectangularity": 0.99884934949586601 }, "geometry": { "type": "Polygon", "coordinates": [ [ [ 19.222198938467049, 42.064810250065904 ], [ 19.222171531507584, 42.064876607478979 ], [ 19.222219050385057, 42.064887424262089 ], [ 19.222246462130251, 42.064821070418994 ], [ 19.222198938467049, 42.064810250065904 ] ] ] } },
{ "type": "Feature", "properties": { "height": -1.0, "confidence": -1.0, "dist_to_osm_m": 1385.8629743512524, "area_m2": 135.74563802553158, "rectangularity": 0.99869700030772324 }, "geometry": { "type": "Polygon", "coordinates": [ [ [ 19.225812733181321, 42.062683825391204 ], [ 19.226006070731451, 42.062582502108071 ], [ 19.225957596018208, 42.062531520472149 ], [ 19.225764252092702, 42.062632837131567 ], [ 19.225812733181321, 42.062683825391204 ] ] ] } },
{ "type": "Feature", "properties": { "height": -1.0, "confidence": -1.0, "dist_to_osm_m": 1341.1647764445424, "area_m2": 22.627113360181184, "rectangularity": 0.99806676416434392 }, "geometry": { "type": "Polygon", "coordinates": [ [ [ 19.225232472016124, 42.062635228629688 ], [ 19.225294286915165, 42.062616220374466 ], [ 19.225275321475507, 42.06258222614921 ], [ 19.225213506576427, 42.062601234414593 ], [ 19.225232472016124, 42.062635228629688 ] ] ] } },
{ "type": "Feature", "properties": { "height": -1.0, "confidence": -1.0, "dist_to_osm_m": 1352.3998240106905, "area_m2": 71.835626224402887, "rectangularity": 0.99859500011728675 }, "geometry": { "type": "Polygon", "coordinates": [ [ [ 19.225407096455072, 42.062690509829721 ], [ 19.225284441286732, 42.062773814254314 ], [ 19.225327187132876, 42.062808503989515 ], [ 19.225449842301217, 42.062725199610448 ], [ 19.225407096455072, 42.062690509829721 ] ] ] } },
{ "type": "Feature", "properties": { "height": -1.0, "confidence": -1.0, "dist_to_osm_m": 1326.9428919361935, "area_m2": 39.800420866892011, "rectangularity": 0.99804872745246409 }, "geometry": { "type": "Polygon", "coordinates": [ [ [ 19.224989356216394, 42.06284427693992 ], [ 19.225046256131215, 42.062782181303653 ], [ 19.224998582066036, 42.062758103238124 ], [ 19.224941683702937, 42.062820197204545 ], [ 19.224989356216394, 42.06284427693992 ] ] ] } },
{ "type": "Feature", "properties": { "height": -1.0, "confidence": -1.0, "dist_to_osm_m": 1348.2623713357025, "area_m2": 154.84652312669445, "rectangularity": 0.89780172436148653 }, "geometry": { "type": "Polygon", "coordinates": [ [ [ 19.225156642548381, 42.062947770179342 ], [ 19.225182119578665, 42.062967057123309 ], [ 19.225132141942996, 42.063003441631587 ], [ 19.225189798387454, 42.063047092511603 ], [ 19.225341574941659, 42.062936596793946 ], [ 19.225258442393812, 42.062873658196708 ], [ 19.225156642548381, 42.062947770179342 ] ] ] } },
{ "type": "Feature", "properties": { "height": -1.0, "confidence": -1.0, "dist_to_osm_m": 106.76265922527234, "area_m2": 64.166364284988134, "rectangularity": 0.9980702508167516 }, "geometry": { "type": "Polygon", "coordinates": [ [ [ 19.170388673847715, 42.040302066630744 ], [ 19.170485989103888, 42.040278929796656 ], [ 19.170457951031104, 42.040213883582595 ], [ 19.170360635774969, 42.040237020440337 ], [ 19.170388673847715, 42.040302066630744 ] ] ] } },
{ "type": "Feature", "properties": { "height": -1.0, "confidence": -1.0, "dist_to_osm_m": 122.19057208056309, "area_m2": 104.00996967988706, "rectangularity": 0.9979138298261746 }, "geometry": { "type": "Polygon", "coordinates": [ [ [ 19.189142055748697, 42.074682360831289 ], [ 19.189225656899858, 42.074780494558318 ], [ 19.189308046976578, 42.074741822777625 ], [ 19.189224445825378, 42.074643688990825 ], [ 19.189142055748697, 42.074682360831289 ] ] ] } },
{ "type": "Feature", "properties": { "height": -1.0, "confidence": -1.0, "dist_to_osm_m": 125.45181730723124, "area_m2": 39.669743360977272, "rectangularity": 0.99674327918736916 }, "geometry": { "type": "Polygon", "coordinates": [ [ [ 19.190733388603746, 42.078504432468222 ], [ 19.190685830640696, 42.078551771433737 ], [ 19.190744438949181, 42.078584208153892 ], [ 19.190791996912232, 42.078536869212577 ], [ 19.190733388603746, 42.078504432468222 ] ] ] } },
{ "type": "Feature", "properties": { "height": -1.0, "confidence": -1.0, "dist_to_osm_m": 111.10043244699266, "area_m2": 59.642343314728876, "rectangularity": 0.99668546120852131 }, "geometry": { "type": "Polygon", "coordinates": [ [ [ 19.190777905922015, 42.078636072054707 ], [ 19.190844743693415, 42.078689847112777 ], [ 19.190909949692173, 42.078645199290101 ], [ 19.190843111920781, 42.078591424194208 ], [ 19.190777905922015, 42.078636072054707 ] ] ] } },
{ "type": "Feature", "properties": { "height": -1.0, "confidence": -1.0, "dist_to_osm_m": 124.08042260559941, "area_m2": 83.758824850482995, "rectangularity": 0.99964225271418294 }, "geometry": { "type": "Polygon", "coordinates": [ [ [ 19.191622596541947, 42.083386465443418 ], [ 19.191749795564181, 42.083392088149566 ], [ 19.191755533075529, 42.08332067813437 ], [ 19.191628327342904, 42.08331505512524 ], [ 19.191622596541947, 42.083386465443418 ] ] ] } },
{ "type": "Feature", "properties": { "height": -1.0, "confidence": -1.0, "dist_to_osm_m": 153.820964740894, "area_m2": 24.974348048082113, "rectangularity": 0.99779628164411172 }, "geometry": { "type": "Polygon", "coordinates": [ [ [ 19.141443271096044, 42.074949710137659 ], [ 19.141404270970718, 42.074970445000169 ], [ 19.141448712125712, 42.07501649952696 ], [ 19.141487712251042, 42.0749957646795 ], [ 19.141443271096044, 42.074949710137659 ] ] ] } },
{ "type": "Feature", "properties": { "height": -1.0, "confidence": -1.0, "dist_to_osm_m": 109.71562713800387, "area_m2": 30.024373777451132, "rectangularity": 0.99868182107759973 }, "geometry": { "type": "Polygon", "coordinates": [ [ [ 19.135200485056693, 42.080981559942373 ], [ 19.135271846805043, 42.080969434583452 ], [ 19.135258427056172, 42.08092592794835 ], [ 19.135187065307822, 42.080938053315585 ], [ 19.135200485056693, 42.080981559942373 ] ] ] } },
{ "type": "Feature", "properties": { "height": -1.0, "confidence": -1.0, "dist_to_osm_m": 176.41782851116722, "area_m2": 26.421977075552586, "rectangularity": 0.99731953906006898 }, "geometry": { "type": "Polygon", "coordinates": [ [ [ 19.158980004927816, 42.048997328130973 ], [ 19.158934361613014, 42.049020003631718 ], [ 19.158973546145788, 42.049063500456093 ], [ 19.15901919376919, 42.049040825202766 ], [ 19.158980004927816, 42.048997328130973 ] ] ] } },
{ "type": "Feature", "properties": { "height": -1.0, "confidence": -1.0, "dist_to_osm_m": 405.75378235000312, "area_m2": 25.230319456883631, "rectangularity": 0.99974029865958625 }, "geometry": { "type": "Polygon", "coordinates": [ [ [ 19.165705031012106, 42.046781850925612 ], [ 19.165796882880379, 42.046776637860845 ], [ 19.1657938258085, 42.046746934300778 ], [ 19.165701971156977, 42.046752147525957 ], [ 19.165705031012106, 42.046781850925612 ] ] ] } },
{ "type": "Feature", "properties": { "height": -1.0, "confidence": -1.0, "dist_to_osm_m": 726.16645689501775, "area_m2": 24.355716296531806, "rectangularity": 0.99746507251222816 }, "geometry": { "type": "Polygon", "coordinates": [ [ [ 19.164370102340701, 42.115346152304959 ], [ 19.164333551993671, 42.115370921674234 ], [ 19.164382258800423, 42.115410470636071 ], [ 19.164418810421353, 42.115385702316622 ], [ 19.164370102340701, 42.115346152304959 ] ] ] } },
{ "type": "Feature", "properties": { "height": -1.0, "confidence": -1.0, "dist_to_osm_m": 2694.220909317612, "area_m2": 88.470542036815345, "rectangularity": 0.9986762383362473 }, "geometry": { "type": "Polygon", "coordinates": [ [ [ 19.163825778382076, 42.174468720607408 ], [ 19.163910877262936, 42.174488976410267 ], [ 19.16395538928013, 42.174386267069934 ], [ 19.163870290399267, 42.174366011234198 ], [ 19.163825778382076, 42.174468720607408 ] ] ] } },
{ "type": "Feature", "properties": { "height": -1.0, "confidence": -1.0, "dist_to_osm_m": 910.59892728448131, "area_m2": 45.51650114431289, "rectangularity": 0.99840049257077079 }, "geometry": { "type": "Polygon", "coordinates": [ [ [ 19.171327134653261, 42.105786181649627 ], [ 19.171347025980527, 42.105846999530769 ], [ 19.171423970721303, 42.10583315157016 ], [ 19.171404083578693, 42.105772328926982 ], [ 19.171327134653261, 42.105786181649627 ] ] ] } },
{ "type": "Feature", "properties": { "height": -1.0, "confidence": -1.0, "dist_to_osm_m": 682.42338926318996, "area_m2": 25.497658414109338, "rectangularity": 0.99831007299658947 }, "geometry": { "type": "Polygon", "coordinates": [ [ [ 19.164737010569262, 42.117846973243495 ], [ 19.164703784364356, 42.117866294417944 ], [ 19.164758479236905, 42.117918051194181 ], [ 19.164791705441854, 42.117898730035506 ], [ 19.164737010569262, 42.117846973243495 ] ] ] } },
{ "type": "Feature", "properties": { "height": -1.0, "confidence": -1.0, "dist_to_osm_m": 2396.9769806038648, "area_m2": 141.15298775808373, "rectangularity": 0.99859225246706351 }, "geometry": { "type": "Polygon", "coordinates": [ [ [ 19.153437714031117, 42.174775739931633 ], [ 19.153496050881987, 42.17482605100458 ], [ 19.153671939999018, 42.174714037043948 ], [ 19.153613603148148, 42.174663725881899 ], [ 19.153437714031117, 42.174775739931633 ] ] ] } },
{ "type": "Feature", "properties": { "height": -1.0, "confidence": -1.0, "dist_to_osm_m": 2545.3529679650833, "area_m2": 21.583550450028859, "rectangularity": 0.99980128304815485 }, "geometry": { "type": "Polygon", "coordinates": [ [ [ 19.156274656079475, 42.178228557467371 ], [ 19.156344274401821, 42.178226423475074 ], [ 19.156342391554226, 42.178192690666343 ], [ 19.156272773231876, 42.178194824659776 ], [ 19.156274656079475, 42.178228557467371 ] ] ] } },
{ "type": "Feature", "properties": { "height": -1.0, "confidence": -1.0, "dist_to_osm_m": 2732.4813744390185, "area_m2": 136.797084535593, "rectangularity": 0.99868006119439534 }, "geometry": { "type": "Polygon", "coordinates": [ [ [ 19.161757686155767, 42.174456156310768 ], [ 19.161830472952033, 42.174591729016576 ], [ 19.161925413195782, 42.174563733551452 ], [ 19.161852626399472, 42.174428160785638 ], [ 19.161757686155767, 42.174456156310768 ] ] ] } },
{ "type": "Feature", "properties": { "height": -1.0, "confidence": -1.0, "dist_to_osm_m": 2761.6408133182304, "area_m2": 20.073250482184889, "rectangularity": 0.99822041366129877 }, "geometry": { "type": "Polygon", "coordinates": [ [ [ 19.160959545276619, 42.174500024236366 ], [ 19.160897093458061, 42.174520852995627 ], [ 19.160914785883506, 42.174549984231817 ], [ 19.160977236066131, 42.174529152788566 ], [ 19.160959545276619, 42.174500024236366 ] ] ] } },
{ "type": "Feature", "properties": { "height": -1.0, "confidence": -1.0, "dist_to_osm_m": 2670.5069538972089, "area_m2": 65.551558841063709, "rectangularity": 0.99793034121419188 }, "geometry": { "type": "Polygon", "coordinates": [ [ [ 19.163902566603738, 42.17460277486493 ], [ 19.163840494313028, 42.174681115146889 ], [ 19.163908306898175, 42.174710625766402 ], [ 19.163970379188882, 42.174632285521014 ], [ 19.163902566603738, 42.17460277486493 ] ] ] } },
{ "type": "Feature", "properties": { "height": -1.0, "confidence": -1.0, "dist_to_osm_m": 2708.2152522568813, "area_m2": 88.408189511565652, "rectangularity": 0.99838514823804547 }, "geometry": { "type": "Polygon", "coordinates": [ [ [ 19.161611244510354, 42.174814792897273 ], [ 19.161649912478424, 42.174867618147701 ], [ 19.161790835951393, 42.174810969425231 ], [ 19.161752163849354, 42.174758138479966 ], [ 19.161611244510354, 42.174814792897273 ] ] ] } },
{ "type": "Feature", "properties": { "height": -1.0, "confidence": -1.0, "dist_to_osm_m": 2649.6851624696046, "area_m2": 97.962262538438324, "rectangularity": 0.99986139653528339 }, "geometry": { "type": "Polygon", "coordinates": [ [ [ 19.163827029616073, 42.174805517822342 ], [ 19.163735993710379, 42.174802694117986 ], [ 19.163729393030057, 42.174919768583223 ], [ 19.163820428935708, 42.174922592282336 ], [ 19.163827029616073, 42.174805517822342 ] ] ] } },
{ "type": "Feature", "properties": { "height": -1.0, "confidence": -1.0, "dist_to_osm_m": 2714.4097992104739, "area_m2": 97.89397638137298, "rectangularity": 0.99912655734964362 }, "geometry": { "type": "Polygon", "coordinates": [ [ [ 19.16119240188565, 42.174856599729317 ], [ 19.161214678260997, 42.174913424729155 ], [ 19.16138781912548, 42.17487614635062 ], [ 19.161365542750136, 42.174819321317273 ], [ 19.16119240188565, 42.174856599729317 ] ] ] } },
{ "type": "Feature", "properties": { "height": -1.0, "confidence": -1.0, "dist_to_osm_m": 176.63549106186923, "area_m2": 24.785823456295002, "rectangularity": 0.99889201522389637 }, "geometry": { "type": "Polygon", "coordinates": [ [ [ 19.147245953926163, 42.131276488590778 ], [ 19.147191670017634, 42.131284298901349 ], [ 19.147204203071549, 42.131332224444385 ], [ 19.147258486980078, 42.131324414139733 ], [ 19.147245953926163, 42.131276488590778 ] ] ] } },
{ "type": "Feature", "properties": { "height": -1.0, "confidence": -1.0, "dist_to_osm_m": 161.38545848149064, "area_m2": 28.197976424678117, "rectangularity": 0.99719425342306545 }, "geometry": { "type": "Polygon", "coordinates": [ [ [ 19.148785395630796, 42.103629427211587 ], [ 19.148748072231584, 42.103660359562781 ], [ 19.148803164648491, 42.103696948980357 ], [ 19.148840488047703, 42.103666016647026 ], [ 19.148785395630796, 42.103629427211587 ] ] ] } },
{ "type": "Feature", "properties": { "height": -1.0, "confidence": -1.0, "dist_to_osm_m": 225.58470978067513, "area_m2": 36.335301198261149, "rectangularity": 0.99884835526744364 }, "geometry": { "type": "Polygon", "coordinates": [ [ [ 19.148106975767387, 42.131288309690262 ], [ 19.148147074027541, 42.131272831247095 ], [ 19.148092571927904, 42.131195177463503 ], [ 19.148052474817074, 42.131210657563209 ], [ 19.148106975767387, 42.131288309690262 ] ] ] } },
{ "type": "Feature", "properties": { "height": -1.0, "confidence": -1.0, "dist_to_osm_m": 271.2815071815981, "area_m2": 23.342866628634294, "rectangularity": 0.99923038611586723 }, "geometry": { "type": "Polygon", "coordinates": [ [ [ 19.142330071454833, 42.136943118150967 ], [ 19.142336517018755, 42.136984332295633 ], [ 19.142397389134107, 42.13697909742713 ], [ 19.142390943570181, 42.136937883279053 ], [ 19.142330071454833, 42.136943118150967 ] ] ] } },
{ "type": "Feature", "properties": { "height": -1.0, "confidence": -1.0, "dist_to_osm_m": 322.19794146478159, "area_m2": 50.491739670656074, "rectangularity": 0.99770278146175273 }, "geometry": { "type": "Polygon", "coordinates": [ [ [ 19.136947080441256, 42.141423218894168 ], [ 19.136870262755284, 42.141445443825496 ], [ 19.136902960907548, 42.141507581539116 ], [ 19.136979778593521, 42.141485356629602 ], [ 19.136947080441256, 42.141423218894168 ] ] ] } },
{ "type": "Feature", "properties": { "height": -1.0, "confidence": -1.0, "dist_to_osm_m": 629.04152362462719, "area_m2": 125.95979716120223, "rectangularity": 0.99981931444686101 }, "geometry": { "type": "Polygon", "coordinates": [ [ [ 19.167571281363522, 42.193428821175033 ], [ 19.16765554451414, 42.193430765527886 ], [ 19.167662403309951, 42.193267973238626 ], [ 19.167578124795824, 42.19326602852626 ], [ 19.167571281363522, 42.193428821175033 ] ] ] } },
{ "type": "Feature", "properties": { "height": -1.0, "confidence": -1.0, "dist_to_osm_m": 576.95772970001542, "area_m2": 74.59736851281923, "rectangularity": 0.99987450155818924 }, "geometry": { "type": "Polygon", "coordinates": [ [ [ 19.167930571655681, 42.193723031171579 ], [ 19.167928323379396, 42.193776633637476 ], [ 19.168079899846692, 42.193780115490945 ], [ 19.168082143064144, 42.193726512911773 ], [ 19.167930571655681, 42.193723031171579 ] ] ] } },
{ "type": "Feature", "properties": { "height": -1.0, "confidence": -1.0, "dist_to_osm_m": 595.07929745227182, "area_m2": 192.8664825598766, "rectangularity": 0.95884884029376416 }, "geometry": { "type": "Polygon", "coordinates": [ [ [ 19.167426164071379, 42.193900963385317 ], [ 19.1675169836452, 42.193909689662213 ], [ 19.167551877824309, 42.193710349312674 ], [ 19.167443726287981, 42.193699957684487 ], [ 19.167417726703533, 42.193848485872195 ], [ 19.167435053945297, 42.193850150738456 ], [ 19.167426164071379, 42.193900963385317 ] ] ] } },
{ "type": "Feature", "properties": { "height": -1.0, "confidence": -1.0, "dist_to_osm_m": 608.35650980245191, "area_m2": 56.958994988239738, "rectangularity": 0.99953119823168968 }, "geometry": { "type": "Polygon", "coordinates": [ [ [ 19.167312132878411, 42.193885460156721 ], [ 19.167321197556259, 42.193805630307025 ], [ 19.167243960125329, 42.193800816295798 ], [ 19.167234894995921, 42.193880650128428 ], [ 19.167312132878411, 42.193885460156721 ] ] ] } },
{ "type": "Feature", "properties": { "height": -1.0, "confidence": -1.0, "dist_to_osm_m": 555.04857975136031, "area_m2": 46.857130599599003, "rectangularity": 0.99833326848416015 }, "geometry": { "type": "Polygon", "coordinates": [ [ [ 19.168250439382465, 42.193931608432784 ], [ 19.168299667296452, 42.193858357250768 ], [ 19.168243783676559, 42.193837742746481 ], [ 19.168194555762575, 42.1939109939524 ], [ 19.168250439382465, 42.193931608432784 ] ] ] } },
{ "type": "Feature", "properties": { "height": -1.0, "confidence": -1.0, "dist_to_osm_m": 525.26330346630652, "area_m2": 172.82815706689527, "rectangularity": 0.67705543609862817 }, "geometry": { "type": "Polygon", "coordinates": [ [ [ 19.168140125330694, 42.1942605222956 ], [ 19.16822300094902, 42.194272116484122 ], [ 19.168233759901469, 42.194229903829786 ], [ 19.168303686204496, 42.194239686431231 ], [ 19.168337709018584, 42.194106198057568 ], [ 19.168260012134859, 42.194095332367496 ], [ 19.168240661611073, 42.194171254117109 ], [ 19.168165555581918, 42.194160746867091 ], [ 19.168140125330694, 42.1942605222956 ] ] ] } },
{ "type": "Feature", "properties": { "height": -1.0, "confidence": -1.0, "dist_to_osm_m": 432.10504142894479, "area_m2": 51.629059528126049, "rectangularity": 0.9983146006797563 }, "geometry": { "type": "Polygon", "coordinates": [ [ [ 19.16738169665663, 42.199585222260907 ], [ 19.167454336269675, 42.199602885948764 ], [ 19.1674853331706, 42.199532930183445 ], [ 19.167412693557555, 42.19951526647602 ], [ 19.16738169665663, 42.199585222260907 ] ] ] } },
{ "type": "Feature", "properties": { "height": -1.0, "confidence": -1.0, "dist_to_osm_m": 499.59476953933518, "area_m2": 45.79683492313923, "rectangularity": 0.99942370776720091 }, "geometry": { "type": "Polygon", "coordinates": [ [ [ 19.166716619314311, 42.199844785397275 ], [ 19.166730223180902, 42.199765538204602 ], [ 19.166668220305311, 42.199759697024227 ], [ 19.166654609614334, 42.199838940366234 ], [ 19.166716619314311, 42.199844785397275 ] ] ] } },
{ "type": "Feature", "properties": { "height": -1.0, "confidence": -1.0, "dist_to_osm_m": 3753.9955120442069, "area_m2": 87.32743633713514, "rectangularity": 0.99880963610584605 }, "geometry": { "type": "Polygon", "coordinates": [ [ [ 19.176438992772461, 42.16415137030318 ], [ 19.176289413468556, 42.1641902235597 ], [ 19.176316206512741, 42.164246883827367 ], [ 19.176465781051736, 42.16420803184333 ], [ 19.176438992772461, 42.16415137030318 ] ] ] } },
{ "type": "Feature", "properties": { "height": -1.0, "confidence": -1.0, "dist_to_osm_m": 3654.8579341558861, "area_m2": 84.708992252561117, "rectangularity": 0.99940407032421619 }, "geometry": { "type": "Polygon", "coordinates": [ [ [ 19.16861715407132, 42.164973045240089 ], [ 19.168739339018121, 42.164964082517315 ], [ 19.168729350031363, 42.164889267626215 ], [ 19.168607165084602, 42.164898230359583 ], [ 19.16861715407132, 42.164973045240089 ] ] ] } },
{ "type": "Feature", "properties": { "height": -1.0, "confidence": -1.0, "dist_to_osm_m": 3650.1561541526094, "area_m2": 74.673366183007744, "rectangularity": 0.99822893618052633 }, "geometry": { "type": "Polygon", "coordinates": [ [ [ 19.16847802053287, 42.165037854425044 ], [ 19.168598401902464, 42.164976647261497 ], [ 19.168555862321327, 42.164930681055871 ], [ 19.168435480951732, 42.16499188826387 ], [ 19.16847802053287, 42.165037854425044 ] ] ] } },
{ "type": "Feature", "properties": { "height": -1.0, "confidence": -1.0, "dist_to_osm_m": 3645.5246212093634, "area_m2": 73.923790281848312, "rectangularity": 0.99784221188921574 }, "geometry": { "type": "Polygon", "coordinates": [ [ [ 19.16855497483628, 42.165142300092455 ], [ 19.168655215115557, 42.165211274535437 ], [ 19.16870927540964, 42.16516811414504 ], [ 19.168609036439474, 42.165099135355753 ], [ 19.16855497483628, 42.165142300092455 ] ] ] } },
{ "type": "Feature", "properties": { "height": -1.0, "confidence": -1.0, "dist_to_osm_m": 3600.8131739347064, "area_m2": 153.11981943962149, "rectangularity": 0.99890933125768877 }, "geometry": { "type": "Polygon", "coordinates": [ [ [ 19.167628640293408, 42.165526548765719 ], [ 19.167587708487343, 42.165582874590271 ], [ 19.167817309312255, 42.165674540282318 ], [ 19.167858243704131, 42.165618203660785 ], [ 19.167628640293408, 42.165526548765719 ] ] ] } },
{ "type": "Feature", "properties": { "height": -1.0, "confidence": -1.0, "dist_to_osm_m": 3393.6785073369124, "area_m2": 56.54121214298786, "rectangularity": 0.99784184847611423 }, "geometry": { "type": "Polygon", "coordinates": [ [ [ 19.174286130549088, 42.167376663545419 ], [ 19.174365601213978, 42.167399287951675 ], [ 19.174400614687535, 42.167331723170662 ], [ 19.174321144022649, 42.167309098740276 ], [ 19.174286130549088, 42.167376663545419 ] ] ] } },
{ "type": "Feature", "properties": { "height": -1.0, "confidence": -1.0, "dist_to_osm_m": 115.41749576946593, "area_m2": 71.91049567720566, "rectangularity": 0.99889987224451193 }, "geometry": { "type": "Polygon", "coordinates": [ [ [ 19.101095505163094, 42.07238849730507 ], [ 19.101185923699671, 42.072375367850888 ], [ 19.101163967342139, 42.072292021902733 ], [ 19.101073547613634, 42.072305146849693 ], [ 19.101095505163094, 42.07238849730507 ] ] ] } },
{ "type": "Feature", "properties": { "height": -1.0, "confidence": -1.0, "dist_to_osm_m": 121.91937390480594, "area_m2": 63.398832377739666, "rectangularity": 0.99968244204928858 }, "geometry": { "type": "Polygon", "coordinates": [ [ [ 19.101103391418665, 42.072621735286795 ], [ 19.101108378729105, 42.072658265006979 ], [ 19.101295277194051, 42.072644214894254 ], [ 19.101290291981567, 42.072607675298329 ], [ 19.101103391418665, 42.072621735286795 ] ] ] } },
{ "type": "Feature", "properties": { "height": -1.0, "confidence": -1.0, "dist_to_osm_m": 105.06351785476605, "area_m2": 42.38432696768416, "rectangularity": 0.68022646008509358 }, "geometry": { "type": "Polygon", "coordinates": [ [ [ 19.090786861107475, 42.102676612694673 ], [ 19.090793241618673, 42.102779878538065 ], [ 19.090858773003873, 42.102777653044285 ], [ 19.090856935275863, 42.102747864741211 ], [ 19.090827492663035, 42.102748864634364 ], [ 19.090822959600668, 42.10267538676144 ], [ 19.090786861107475, 42.102676612694673 ] ] ] } },
{ "type": "Feature", "properties": { "height": -1.0, "confidence": -1.0, "dist_to_osm_m": 281.85610833057979, "area_m2": 123.67949792447597, "rectangularity": 0.99782054822026534 }, "geometry": { "type": "Polygon", "coordinates": [ [ [ 19.120175146367409, 42.106374997589946 ], [ 19.120283482384124, 42.106338669238944 ], [ 19.120220596396187, 42.106235462811412 ], [ 19.120112271309491, 42.106271793181158 ], [ 19.120175146367409, 42.106374997589946 ] ] ] } },
{ "type": "Feature", "properties": { "height": -1.0, "confidence": -1.0, "dist_to_osm_m": 249.48701109643844, "area_m2": 23.008712222702059, "rectangularity": 0.9991415347448962 }, "geometry": { "type": "Polygon", "coordinates": [ [ [ 19.121937814173325, 42.101372859823222 ], [ 19.121984428733096, 42.101366321669701 ], [ 19.121971215619496, 42.101314442450594 ], [ 19.121924601059721, 42.101320980609451 ], [ 19.121937814173325, 42.101372859823222 ] ] ] } },
{ "type": "Feature", "properties": { "height": -1.0, "confidence": -1.0, "dist_to_osm_m": 258.13188151189183, "area_m2": 136.98298883575478, "rectangularity": 0.99755051630934322 }, "geometry": { "type": "Polygon", "coordinates": [ [ [ 19.123032366136108, 42.106473474958499 ], [ 19.122977581711353, 42.106563678313229 ], [ 19.123114996239032, 42.106609621834806 ], [ 19.123169791339727, 42.106519414979104 ], [ 19.123032366136108, 42.106473474958499 ] ] ] } },
{ "type": "Feature", "properties": { "height": -1.0, "confidence": -1.0, "dist_to_osm_m": 174.55615848926209, "area_m2": 33.356570566953053, "rectangularity": 0.99805605574868439 }, "geometry": { "type": "Polygon", "coordinates": [ [ [ 19.128045687699476, 42.11584617794604 ], [ 19.12806553752446, 42.11589632866815 ], [ 19.128132209832494, 42.115881807989162 ], [ 19.128112358746279, 42.115831654068899 ], [ 19.128045687699476, 42.11584617794604 ] ] ] } },
{ "type": "Feature", "properties": { "height": -1.0, "confidence": -1.0, "dist_to_osm_m": 538.52378484345275, "area_m2": 39.778084253444007, "rectangularity": 0.99721406572800197 }, "geometry": { "type": "Polygon", "coordinates": [ [ [ 19.132513108773388, 42.113608653123265 ], [ 19.132559290666858, 42.113660742637641 ], [ 19.132617331119821, 42.113632422779752 ], [ 19.132571151091341, 42.113580335345603 ], [ 19.132513108773388, 42.113608653123265 ] ] ] } },
{ "type": "Feature", "properties": { "height": -1.0, "confidence": -1.0, "dist_to_osm_m": 156.88504035645315, "area_m2": 68.911030233402585, "rectangularity": 0.99860504610684953 }, "geometry": { "type": "Polygon", "coordinates": [ [ [ 19.127582629207289, 42.121073944701287 ], [ 19.127608808033393, 42.121154830558048 ], [ 19.127696528659758, 42.121139210980665 ], [ 19.127670342617339, 42.121058326388919 ], [ 19.127582629207289, 42.121073944701287 ] ] ] } },
{ "type": "Feature", "properties": { "height": -1.0, "confidence": -1.0, "dist_to_osm_m": 147.16483140881672, "area_m2": 36.67885691067201, "rectangularity": 0.99769606055303361 }, "geometry": { "type": "Polygon", "coordinates": [ [ [ 19.127600757874053, 42.121190212017815 ], [ 19.127625095290377, 42.121241560444247 ], [ 19.127694323441826, 42.121223508717058 ], [ 19.127669986025463, 42.121172160275975 ], [ 19.127600757874053, 42.121190212017815 ] ] ] } },
{ "type": "Feature", "properties": { "height": -1.0, "confidence": -1.0, "dist_to_osm_m": 563.49129624870511, "area_m2": 29.389088707109551, "rectangularity": 0.99841555581022789 }, "geometry": { "type": "Polygon", "coordinates": [ [ [ 19.1317529546766, 42.138745409578313 ], [ 19.131736656484883, 42.138786562385228 ], [ 19.131808264772744, 42.138802156158349 ], [ 19.131824564319455, 42.138760999940239 ], [ 19.1317529546766, 42.138745409578313 ] ] ] } },
{ "type": "Feature", "properties": { "height": -1.0, "confidence": -1.0, "dist_to_osm_m": 213.16466075533097, "area_m2": 63.413459000265441, "rectangularity": 0.99984522917757412 }, "geometry": { "type": "Polygon", "coordinates": [ [ [ 19.133016119362249, 42.146406846309979 ], [ 19.132861690329008, 42.146409979638456 ], [ 19.132863340269353, 42.146454682407011 ], [ 19.1330177732229, 42.146451540987364 ], [ 19.133016119362249, 42.146406846309979 ] ] ] } },
{ "type": "Feature", "properties": { "height": -1.0, "confidence": -1.0, "dist_to_osm_m": 265.06882064775908, "area_m2": 38.767740281145521, "rectangularity": 0.9998192404958901 }, "geometry": { "type": "Polygon", "coordinates": [ [ [ 19.061513084652496, 42.122276062920001 ], [ 19.061448783602732, 42.122274467365443 ], [ 19.061445825745452, 42.122340045292631 ], [ 19.061510126795177, 42.122341640845555 ], [ 19.061513084652496, 42.122276062920001 ] ] ] } },
{ "type": "Feature", "properties": { "height": -1.0, "confidence": -1.0, "dist_to_osm_m": 220.13144977813616, "area_m2": 36.425949469342314, "rectangularity": 0.9998738581689236 }, "geometry": { "type": "Polygon", "coordinates": [ [ [ 19.010772701739633, 42.13662381861014 ], [ 19.01077127873236, 42.136671530881003 ], [ 19.010854386560617, 42.136672893881496 ], [ 19.010855809567889, 42.136625181611649 ], [ 19.010772701739633, 42.13662381861014 ] ] ] } },
{ "type": "Feature", "properties": { "height": -1.0, "confidence": -1.0, "dist_to_osm_m": 269.43257916437886, "area_m2": 24.68106815996973, "rectangularity": 0.99851981628065656 }, "geometry": { "type": "Polygon", "coordinates": [ [ [ 19.009057895565931, 42.136759417197752 ], [ 19.009044358533238, 42.136798615766878 ], [ 19.009108716160945, 42.136810834039615 ], [ 19.009122249721536, 42.136771634818878 ], [ 19.009057895565931, 42.136759417197752 ] ] ] } },
{ "type": "Feature", "properties": { "height": -1.0, "confidence": -1.0, "dist_to_osm_m": 258.03907657889778, "area_m2": 30.850993995199694, "rectangularity": 0.99977188993303667 }, "geometry": { "type": "Polygon", "coordinates": [ [ [ 19.00911169766275, 42.136877149047969 ], [ 19.00906201465596, 42.136878997859363 ], [ 19.00906657316014, 42.136946453390422 ], [ 19.009116262517566, 42.136944604344656 ], [ 19.00911169766275, 42.136877149047969 ] ] ] } },
{ "type": "Feature", "properties": { "height": -1.0, "confidence": -1.0, "dist_to_osm_m": 171.00987421552369, "area_m2": 24.304949352256536, "rectangularity": 0.99940885430793103 }, "geometry": { "type": "Polygon", "coordinates": [ [ [ 19.010570707279115, 42.137121267536145 ], [ 19.010565260313236, 42.137158621168538 ], [ 19.010635305659317, 42.137164237741587 ], [ 19.010640756109932, 42.137126884391918 ], [ 19.010570707279115, 42.137121267536145 ] ] ] } },
{ "type": "Feature", "properties": { "height": -1.0, "confidence": -1.0, "dist_to_osm_m": 291.5072473345337, "area_m2": 30.318072974395012, "rectangularity": 0.99904394934768737 }, "geometry": { "type": "Polygon", "coordinates": [ [ [ 19.006954617081636, 42.140539618651957 ], [ 19.006897364100517, 42.140532184594605 ], [ 19.006884148427481, 42.140588145559597 ], [ 19.0069414014086, 42.140595579610391 ], [ 19.006954617081636, 42.140539618651957 ] ] ] } },
{ "type": "Feature", "properties": { "height": -1.0, "confidence": -1.0, "dist_to_osm_m": 159.89097524901922, "area_m2": 108.90073949285407, "rectangularity": 0.99925228955396306 }, "geometry": { "type": "Polygon", "coordinates": [ [ [ 19.035955863242041, 42.139465451171233 ], [ 19.035865503336844, 42.13947867078106 ], [ 19.035899121601535, 42.139605019375452 ], [ 19.035989481506693, 42.139591799792036 ], [ 19.035955863242041, 42.139465451171233 ] ] ] } },
{ "type": "Feature", "properties": { "height": -1.0, "confidence": -1.0, "dist_to_osm_m": 154.12204406183463, "area_m2": 93.888577880505707, "rectangularity": 0.999857923734354 }, "geometry": { "type": "Polygon", "coordinates": [ [ [ 19.035851375150699, 42.139623185811281 ], [ 19.035855622961204, 42.139761235903769 ], [ 19.035929654914973, 42.139759983389645 ], [ 19.035925420245597, 42.139621936914871 ], [ 19.035851375150699, 42.139623185811281 ] ] ] } },
{ "type": "Feature", "properties": { "height": -1.0, "confidence": -1.0, "dist_to_osm_m": 110.0339309961726, "area_m2": 49.340666895597536, "rectangularity": 0.99986043815248382 }, "geometry": { "type": "Polygon", "coordinates": [ [ [ 19.036347407477436, 42.140011955032662 ], [ 19.036345077296545, 42.139940397103921 ], [ 19.036270019205684, 42.139941740986039 ], [ 19.036272349386572, 42.140013298913303 ], [ 19.036347407477436, 42.140011955032662 ] ] ] } },
{ "type": "Feature", "properties": { "height": -1.0, "confidence": -1.0, "dist_to_osm_m": 211.72733407045985, "area_m2": 46.546167560209192, "rectangularity": 0.99877524474255819 }, "geometry": { "type": "Polygon", "coordinates": [ [ [ 19.031418704935497, 42.136818789017667 ], [ 19.031484205269614, 42.136732878005695 ], [ 19.031439489682942, 42.136714131107269 ], [ 19.031373989348825, 42.136800042144685 ], [ 19.031418704935497, 42.136818789017667 ] ] ] } },
{ "type": "Feature", "properties": { "height": -1.0, "confidence": -1.0, "dist_to_osm_m": 152.11951600811861, "area_m2": 78.962640383904358, "rectangularity": 0.99923248496894479 }, "geometry": { "type": "Polygon", "coordinates": [ [ [ 19.035659449289216, 42.139439399448456 ], [ 19.035671183595465, 42.139515067141865 ], [ 19.035783360391676, 42.139505502072396 ], [ 19.035771618145223, 42.13942982922331 ], [ 19.035659449289216, 42.139439399448456 ] ] ] } },
{ "type": "Feature", "properties": { "height": -1.0, "confidence": -1.0, "dist_to_osm_m": 155.22968111107991, "area_m2": 105.50345892024822, "rectangularity": 0.99982244346763849 }, "geometry": { "type": "Polygon", "coordinates": [ [ [ 19.034677831704762, 42.139541688306572 ], [ 19.034802152010375, 42.13953946884395 ], [ 19.034799152567317, 42.13944708996064 ], [ 19.034674840767263, 42.139449302823159 ], [ 19.034677831704762, 42.139541688306572 ] ] ] } },
{ "type": "Feature", "properties": { "height": -1.0, "confidence": -1.0, "dist_to_osm_m": 100.13433199886165, "area_m2": 34.733092305193949, "rectangularity": 0.99988206208036989 }, "geometry": { "type": "Polygon", "coordinates": [ [ [ 19.030072228261901, 42.139542390166397 ], [ 19.030022952764657, 42.13954175084632 ], [ 19.030021141825738, 42.139618496489852 ], [ 19.030070424624622, 42.139619133346258 ], [ 19.030072228261901, 42.139542390166397 ] ] ] } },
{ "type": "Feature", "properties": { "height": -1.0, "confidence": -1.0, "dist_to_osm_m": 162.39619277693586, "area_m2": 132.45965670965177, "rectangularity": 0.99988968271418477 }, "geometry": { "type": "Polygon", "coordinates": [ [ [ 19.035811992528657, 42.139623288740388 ], [ 19.035702084195584, 42.139625228090814 ], [ 19.035706294351485, 42.139756420417811 ], [ 19.035816202684522, 42.139754481071407 ], [ 19.035811992528657, 42.139623288740388 ] ] ] } },
{ "type": "Feature", "properties": { "height": -1.0, "confidence": -1.0, "dist_to_osm_m": 175.95495719769775, "area_m2": 89.042690057198271, "rectangularity": 0.99980379287416732 }, "geometry": { "type": "Polygon", "coordinates": [ [ [ 19.035506502512813, 42.139746076354612 ], [ 19.035629809712624, 42.139748322518599 ], [ 19.035632413976028, 42.13966971450153 ], [ 19.035509106564309, 42.139667474730267 ], [ 19.035506502512813, 42.139746076354612 ] ] ] } },
{ "type": "Feature", "properties": { "height": -1.0, "confidence": -1.0, "dist_to_osm_m": 170.98852834960016, "area_m2": 71.238833417211467, "rectangularity": 0.99987476859713553 }, "geometry": { "type": "Polygon", "coordinates": [ [ [ 19.031616200512872, 42.141435742483779 ], [ 19.031620549983657, 42.141539061060385 ], [ 19.031695578729831, 42.141537324474882 ], [ 19.031691229259007, 42.141434005895448 ], [ 19.031616200512872, 42.141435742483779 ] ] ] } },
{ "type": "Feature", "properties": { "height": -1.0, "confidence": -1.0, "dist_to_osm_m": 192.47558881395446, "area_m2": 21.833270501688112, "rectangularity": 0.99778991857059429 }, "geometry": { "type": "Polygon", "coordinates": [ [ [ 19.025696219211177, 42.140092578080015 ], [ 19.025652054098614, 42.140134797113362 ], [ 19.025687220977659, 42.140155024246845 ], [ 19.025731386090268, 42.140112805226991 ], [ 19.025696219211177, 42.140092578080015 ] ] ] } },
{ "type": "Feature", "properties": { "height": -1.0, "confidence": -1.0, "dist_to_osm_m": 294.48024334066974, "area_m2": 31.755028403235407, "rectangularity": 0.99854223310870127 }, "geometry": { "type": "Polygon", "coordinates": [ [ [ 19.006823285182719, 42.140790682309863 ], [ 19.006890171352801, 42.140780442376503 ], [ 19.006876361568246, 42.140730846363986 ], [ 19.006809475398164, 42.140741086305354 ], [ 19.006823285182719, 42.140790682309863 ] ] ] } },
{ "type": "Feature", "properties": { "height": -1.0, "confidence": -1.0, "dist_to_osm_m": 211.52189793771737, "area_m2": 55.993091232658394, "rectangularity": 0.99898467442315497 }, "geometry": { "type": "Polygon", "coordinates": [ [ [ 19.059372929351518, 42.14213637984674 ], [ 19.05938698206759, 42.142076541097836 ], [ 19.059288057709608, 42.142063768371969 ], [ 19.059274004993494, 42.142123607132937 ], [ 19.059372929351518, 42.14213637984674 ] ] ] } },
{ "type": "Feature", "properties": { "height": -1.0, "confidence": -1.0, "dist_to_osm_m": 123.67977585671122, "area_m2": 32.748026197973111, "rectangularity": 0.99749700997459789 }, "geometry": { "type": "Polygon", "coordinates": [ [ [ 19.112362281374885, 42.149832529299744 ], [ 19.112409824353239, 42.14988179304919 ], [ 19.112457721452248, 42.149856382940349 ], [ 19.112410180060305, 42.149807120814941 ], [ 19.112362281374885, 42.149832529299744 ] ] ] } },
{ "type": "Feature", "properties": { "height": -1.0, "confidence": -1.0, "dist_to_osm_m": 144.82484708549845, "area_m2": 85.39209240690721, "rectangularity": 0.99761238021880072 }, "geometry": { "type": "Polygon", "coordinates": [ [ [ 19.109004264304836, 42.175148108518464 ], [ 19.109070627100976, 42.175103040656182 ], [ 19.108976381933584, 42.175026815292114 ], [ 19.108910012910826, 42.175071883994853 ], [ 19.109004264304836, 42.175148108518464 ] ] ] } },
{ "type": "Feature", "properties": { "height": -1.0, "confidence": -1.0, "dist_to_osm_m": 800.67380170165745, "area_m2": 28.110621443924451, "rectangularity": 0.99976413262640673 }, "geometry": { "type": "Polygon", "coordinates": [ [ [ 19.115927500839057, 42.179804353693854 ], [ 19.115925204918966, 42.179840050010142 ], [ 19.11601084135263, 42.179843070227591 ], [ 19.116013137272724, 42.179807373913015 ], [ 19.115927500839057, 42.179804353693854 ] ] ] } },
{ "type": "Feature", "properties": { "height": -1.0, "confidence": -1.0, "dist_to_osm_m": 788.05142696952032, "area_m2": 82.564296138967649, "rectangularity": 0.99889028347217446 }, "geometry": { "type": "Polygon", "coordinates": [ [ [ 19.115720601220701, 42.195636148741187 ], [ 19.115646339073152, 42.195653268558296 ], [ 19.115692766158965, 42.195763780420556 ], [ 19.115767018788009, 42.195746662827695 ], [ 19.115720601220701, 42.195636148741187 ] ] ] } },
{ "type": "Feature", "properties": { "height": -1.0, "confidence": -1.0, "dist_to_osm_m": 123.73219549904404, "area_m2": 56.051883617232228, "rectangularity": 0.99850149039094893 }, "geometry": { "type": "Polygon", "coordinates": [ [ [ 19.107289771077006, 42.175344706825832 ], [ 19.107318702384475, 42.175301734972336 ], [ 19.107204881228135, 42.1752596474212 ], [ 19.107175949920627, 42.175302619303288 ], [ 19.107289771077006, 42.175344706825832 ] ] ] } },
{ "type": "Feature", "properties": { "height": -1.0, "confidence": -1.0, "dist_to_osm_m": 214.10339503692305, "area_m2": 25.558453198418462, "rectangularity": 0.66672239542573941 }, "geometry": { "type": "Polygon", "coordinates": [ [ [ 19.107712846798183, 42.176086997431639 ], [ 19.107742379563057, 42.176038364248392 ], [ 19.107671004186727, 42.176014559899237 ], [ 19.107660544586544, 42.176031784292945 ], [ 19.10769731304466, 42.176044048819179 ], [ 19.107678239283089, 42.176075453719768 ], [ 19.107712846798183, 42.176086997431639 ] ] ] } },
{ "type": "Feature", "properties": { "height": -1.0, "confidence": -1.0, "dist_to_osm_m": 106.20605184959891, "area_m2": 40.365400637676224, "rectangularity": 0.998843437472411 }, "geometry": { "type": "Polygon", "coordinates": [ [ [ 19.022419377661315, 42.148836959758874 ], [ 19.02233748024047, 42.148848212847071 ], [ 19.022350460848937, 42.148900121442345 ], [ 19.022432353532331, 42.148888869014321 ], [ 19.022419377661315, 42.148836959758874 ] ] ] } },
{ "type": "Feature", "properties": { "height": -1.0, "confidence": -1.0, "dist_to_osm_m": 124.42833029822674, "area_m2": 106.32210621286585, "rectangularity": 0.99941553208696199 }, "geometry": { "type": "Polygon", "coordinates": [ [ [ 19.106028465498426, 42.184970538326716 ], [ 19.106138481496458, 42.184962088526767 ], [ 19.106123912800047, 42.184857871717128 ], [ 19.106013887062929, 42.184866322279021 ], [ 19.106028465498426, 42.184970538326716 ] ] ] } },
{ "type": "Feature", "properties": { "height": -1.0, "confidence": -1.0, "dist_to_osm_m": 126.96194891858111, "area_m2": 79.853248217267407, "rectangularity": 0.9997553754999805 }, "geometry": { "type": "Polygon", "coordinates": [ [ [ 19.106036441715116, 42.185181588147067 ], [ 19.106040410389543, 42.185242305957338 ], [ 19.106183433441306, 42.185237173258514 ], [ 19.106179470971512, 42.185176462638161 ], [ 19.106036441715116, 42.185181588147067 ] ] ] } },
{ "type": "Feature", "properties": { "height": -1.0, "confidence": -1.0, "dist_to_osm_m": 108.00570247044385, "area_m2": 79.918213172395923, "rectangularity": 0.99831450952337253 }, "geometry": { "type": "Polygon", "coordinates": [ [ [ 19.105751540978911, 42.18542851998783 ], [ 19.105804375076808, 42.185521313148669 ], [ 19.105884067649907, 42.18549640032856 ], [ 19.10583123355201, 42.185403607131157 ], [ 19.105751540978911, 42.18542851998783 ] ] ] } },
{ "type": "Feature", "properties": { "height": -1.0, "confidence": -1.0, "dist_to_osm_m": 240.14994018538013, "area_m2": 22.3511089055303, "rectangularity": 0.99813405965664315 }, "geometry": { "type": "Polygon", "coordinates": [ [ [ 19.095705033568201, 42.185290335931782 ], [ 19.09574589440264, 42.185305389637882 ], [ 19.095777972337146, 42.185257583937222 ], [ 19.095737111502711, 42.185242530219732 ], [ 19.095705033568201, 42.185290335931782 ] ] ] } },
{ "type": "Feature", "properties": { "height": -1.0, "confidence": -1.0, "dist_to_osm_m": 213.17976565632136, "area_m2": 69.507344918035841, "rectangularity": 0.99882107378438656 }, "geometry": { "type": "Polygon", "coordinates": [ [ [ 19.084285063796891, 42.195243422541154 ], [ 19.084404224440043, 42.195220647814978 ], [ 19.084383468923377, 42.19516102613396 ], [ 19.084264302999252, 42.195183801890948 ], [ 19.084285063796891, 42.195243422541154 ] ] ] } },
{ "type": "Feature", "properties": { "height": -1.0, "confidence": -1.0, "dist_to_osm_m": 572.42020438526072, "area_m2": 21.541128245373756, "rectangularity": 0.99999964677976527 }, "geometry": { "type": "Polygon", "coordinates": [ [ [ 19.05690997838974, 42.152911122934348 ], [ 19.056963622570038, 42.152911122934341 ], [ 19.056963622570038, 42.152867376516994 ], [ 19.05690997838974, 42.152867376517001 ], [ 19.05690997838974, 42.152911122934348 ] ] ] } },
{ "type": "Feature", "properties": { "height": -1.0, "confidence": -1.0, "dist_to_osm_m": 344.10165341626561, "area_m2": 58.751151003279716, "rectangularity": 0.99785221570581706 }, "geometry": { "type": "Polygon", "coordinates": [ [ [ 19.046522457455733, 42.178852503587855 ], [ 19.046586379177327, 42.178780163521708 ], [ 19.046524429323203, 42.178750102161978 ], [ 19.046460507601605, 42.178822442262472 ], [ 19.046522457455733, 42.178852503587855 ] ] ] } },
{ "type": "Feature", "properties": { "height": -1.0, "confidence": -1.0, "dist_to_osm_m": 825.83612473012511, "area_m2": 66.943017089350434, "rectangularity": 0.99810600680285255 }, "geometry": { "type": "Polygon", "coordinates": [ [ [ 19.036616885408804, 42.17097254377348 ], [ 19.03655910365886, 42.17105590591418 ], [ 19.036628345295323, 42.171082265293506 ], [ 19.036686120816491, 42.170998900816301 ], [ 19.036616885408804, 42.17097254377348 ] ] ] } },
{ "type": "Feature", "properties": { "height": -1.0, "confidence": -1.0, "dist_to_osm_m": 636.69723054896701, "area_m2": 46.683778509094395, "rectangularity": 0.99670523394945332 }, "geometry": { "type": "Polygon", "coordinates": [ [ [ 19.035650139988046, 42.185942694295086 ], [ 19.035697297532558, 42.185890612536561 ], [ 19.035629920117948, 42.185857120947723 ], [ 19.035582765966048, 42.185909204420213 ], [ 19.035650139988046, 42.185942694295086 ] ] ] } },
{ "type": "Feature", "properties": { "height": -1.0, "confidence": -1.0, "dist_to_osm_m": 701.86709764705529, "area_m2": 53.211288980376935, "rectangularity": 0.999551559385635 }, "geometry": { "type": "Polygon", "coordinates": [ [ [ 19.008919038086258, 42.198988692245798 ], [ 19.008792106963845, 42.198977451498038 ], [ 19.0087848320921, 42.199022508808071 ], [ 19.008911763214513, 42.19903374954783 ], [ 19.008919038086258, 42.198988692245798 ] ] ] } },
{ "type": "Feature", "properties": { "height": -1.0, "confidence": -1.0, "dist_to_osm_m": 141.48601393084712, "area_m2": 65.491346492965206, "rectangularity": 0.99963467914611903 }, "geometry": { "type": "Polygon", "coordinates": [ [ [ 19.098569277695518, 42.198897139675466 ], [ 19.098632844096223, 42.198902442697772 ], [ 19.098649714915481, 42.198791526919379 ], [ 19.098586149009826, 42.198786220633238 ], [ 19.098569277695518, 42.198897139675466 ] ] ] } }
]
}
